CUSIP,Description,Par Value,Coupon,Maturity,Sector,Quality,Price,Accrued,Currency,Market Value,Weight,Yield,Dur,Cov,OAS,Sprd Dur,PD
00182EBB,ANZ NEW ZEALAND INTL/LDN,10000,1.75,44405,F1,AA3,100.5,0.31164444,USD,10050.31,0.1,1.64,4.36,0.22,-0.19,4.37,0.03
00206RCP,AT&T INC,10000,4.5,49444,IM,BAA1,96.47,0.575,USD,9647.58,0.09,4.79,12.21,1.95,2.09,12.29,3.73
00206RCS,AT&T INC,13000,3.6,44974,IM,BAA1,100.75,1.34,USD,13098.84,0.13,3.46,5.39,0.34,1.37,5.47,2.23
00206RDJ,AT&T INC,1275,4.5,54126,IM,BAA1,90.16,1.425,USD,1150.97,0.01,5.14,15.65,3.69,2.11,15.9,4.39
002824BA,ABBOTT LABORATORIES,15000,2.55,44635,IY,A2,97.63,0.75083333,USD,14645.25,0.14,3.04,4.8,0.26,1.09,4.83,1.71
00287YAW,ABBVIE INC,25000,4.45,53461,IZ,BAA2,95.56,0.58097222,USD,23890.58,0.23,4.73,15.9,3.65,1.72,15.99,3.59
00817YAF,AETNA INC,20000,6.63,49841,IY,BAA2,127.03,0.29444444,USD,25406.29,0.24,4.52,11.88,1.92,1.82,11.9,2.96
00817YAV,AETNA INC,10000,2.8,45092,IY,BAA2,98.39,0.12444444,USD,9839.12,0.09,3.08,5.85,0.39,0.92,5.86,1.57
00817YAX,AETNA INC,15000,4.38,53493,IY,BAA2,100.21,0.19444444,USD,15031.69,0.14,4.36,16.46,3.84,1.35,16.48,2.91
00842VAC,ABMT 2016-3 A3,9015.43,3.5,53199,C9,AAA,99.96,0.29166667,USD,9012.12,0.09,3.46,8.81,-3.2,0.97,7.06,2.57
00913RAE,AIR LIQUIDE FINANCE,26000,3.5,53597,IA,A3,92.56,0.91388889,USD,24066.51,0.23,3.93,17.72,4.34,0.88,17.89,2.28
02209SAQ,ALTRIA GROUP INC,13000,4.5,52353,I1,A3,101.44,0.7375,USD,13187.94,0.13,4.41,15.32,3.28,1.48,15.43,2.98
02209SAV,ALTRIA GROUP INC,30000,3.88,53586,I1,A3,92.09,1.13020833,USD,27628.13,0.27,4.35,16.8,4.01,1.32,16.99,3.01
02361DAQ,AMEREN ILLINOIS CO,15000,4.15,53401,U1,A1,102.29,1.22194444,USD,15344.72,0.15,4.02,16.79,3.96,1.01,16.99,2.33
0258M0EB,AMERICAN EXPRESS CREDIT,25000,2.25,44321,F1,A2,98.73,0.35,USD,24682.85,0.24,2.56,4.1,0.19,0.79,4.11,1.1
026874DB,AMERICAN INTL GROUP,15000,4.38,56629,F4,BAA1,91.42,2.01736111,USD,13715.02,0.13,4.87,17.22,4.7,1.81,17.58,3.92
026874DD,AMERICAN INTL GROUP,10000,3.75,45848,F4,BAA1,100.52,1.78125,USD,10053.78,0.1,3.68,7.12,0.6,1.35,7.25,2.31
03040WAM,AMERICAN WATER CAPITAL CORP,5000,4.3,53206,U1,A3,104.26,1.43333333,USD,5214.43,0.05,4.05,16.44,3.81,1.06,16.67,2.36
03040WAP,AMERICAN WATER CAPITAL C,4000,4,53662,U1,A3,100.2,0.48888889,USD,4008.49,0.04,3.99,17.29,4.18,0.95,17.38,2.3
030955AM,AMERITECH CAPITAL,12000,6.45,43115,F1,BBB+,104.52,2.97416667,USD,12545.37,0.12,2.02,0.99,0.01,1.19,1.01,0.53
031162BD,AMGEN INC,20000,3.45,44105,IZ,BAA1,103.54,0.8625,USD,20708.86,0.2,2.45,3.49,0.14,0.83,3.51,1.02
031162BE,AMGEN INC,13805,4.95,51775,IZ,BAA1,103.58,1.2375,USD,14300.46,0.14,4.7,14.21,2.84,1.83,14.39,3.43
031162BZ,AMGEN INC,10000,4.4,53083,IZ,BAA1,95.78,0.73333333,USD,9578.73,0.09,4.67,15.71,3.53,1.69,15.83,3.48
031162CE,AMGEN INC,16251,4.66,55319,IZ,BAA1,96.37,0.20724444,USD,15661.3,0.15,4.88,16.72,4.24,1.84,16.76,3.82
032654AK,ANALOG DEVICES INC,7000,5.3,53311,I6,A3,109.76,0.23555556,USD,7683.44,0.07,4.68,15.34,3.42,1.71,15.38,3.29
035242AG,ANHEUSER-BUSCH INBEV FIN,10000,1.9,43497,IX,A3,100.12,0.79166667,USD,10012.79,0.1,1.84,2.02,0.05,0.62,2.04,0.65
035242AN,ANHEUSER-BUSCH INBEV FIN,5000,4.9,53359,IX,A3,107.37,2.04166667,USD,5370.54,0.05,4.44,15.62,3.55,1.46,15.91,2.96
037411AY,APACHE CORP,10000,5.25,51898,I2,BAA3,106.44,2.1875,USD,10646.19,0.1,4.8,13.94,2.79,1.93,14.23,3.54
037833AS,APPLE INC,10000,3.45,45418,I6,AA1,102.88,0.52708333,USD,10288.53,0.1,3.01,6.44,0.48,0.76,6.47,1.34
037833BA,APPLE INC,15000,3.45,53002,I6,AA1,88.08,1.36083333,USD,13213.36,0.13,4.17,16.88,3.94,1.17,17.14,2.77
037833BH,APPLE INC,15000,4.38,53095,I6,AA1,102.52,0.58333333,USD,15378.58,0.15,4.22,16.24,3.7,1.24,16.32,2.66
037833BQ,APPLE INC,10000,1.7,43518,I6,AA1,100.17,0.60444444,USD,10017.6,0.1,1.62,2.09,0.05,0.39,2.1,0.29
037833CD,APPLE INC,5000,3.85,53543,I6,AA1,95.61,1.57208333,USD,4782.07,0.05,4.11,17,4.08,1.08,17.28,2.55
040555CU,ARIZONA PUBLIC SERVICE,25000,3.75,53462,U1,A2,93.59,0.47916667,USD,23397.98,0.22,4.13,17.19,4.11,1.1,17.28,2.61
04248PAA,Army Hawaii Family Hsg,14781.9,5.62,54954,F2,A1,108.1,0.24995556,USD,15979.48,0.15,5.11,15.63,3.75,2.1,15.67,3.97
048312AD,ACETF 2002-1 A4,11964.02,3,44489,A4,AAA,108.43,0.75,USD,12973.34,0.12,1.41,6.35,-1.05,-0.89,6.81,0.89
05253JAM,AUST & NZ BANKING GRP NY,15000,2.3,44348,F1,AA2,98.36,0.19166667,USD,14754.19,0.14,2.69,4.16,0.2,0.91,4.17,1.3
053015AD,AUTOMATIC DATA PROCESSNG,10000,2.25,44089,IT,AA3,100.44,0.6625,USD,10044.66,0.1,2.12,3.52,0.14,0.51,3.54,0.49
053015AE,AUTOMATIC DATA PROCESSNG,5000,3.38,45915,IT,AA3,102.4,0.99375,USD,5120.99,0.05,3.06,7.45,0.64,0.71,7.52,1.28
05348EAZ,AVALONBAY COMMUNITIES,17500,3.9,53615,F5,A3,92.64,0.93166667,USD,16212.93,0.16,4.34,16.84,4.03,1.31,17.01,2.99
05490AAA,BBUBS 2012-TFT A,15000,2.89,43987,B1,AAA,98.7,0.20888111,USD,14805.21,0.14,3.31,3.21,0.12,1.76,3.22,2.55
05518VAA,BAC CAPITAL TRUST XIV,15000,5.63,54695,F1,BA3,78.5,1.65772222,USD,11776.66,0.11,7.38,12.58,2.69,4.37,12.84,5.09
05531FAS,BB&T CORPORATION,10000,2.45,43845,F1,A2,100.72,1.12972222,USD,10073.13,0.1,2.2,2.89,0.1,0.74,2.92,0.8
05565AAR,BNP PARIBAS,25000,4.38,46154,F1,BAA2,98.56,0.59548611,USD,24640.6,0.24,4.56,7.55,0.68,2.19,7.6,3.68
05565QCS,BP CAPITAL MARKETS PLC,10000,3.54,45600,I3,A2,101.37,0.55970833,USD,10137.56,0.1,3.33,6.78,0.53,1.05,6.81,1.81
05565QDC,BP CAPITAL MARKETS PLC,7000,1.68,43588,I3,A2,99.27,0.27002222,USD,6949.17,0.07,2,2.28,0.06,0.72,2.28,0.86
06050TLY,BANK OF AMERICA CORP,15000,1.65,43185,F1,A1,100.08,0.43541667,USD,15012.44,0.14,1.58,1.22,0.02,0.68,1.22,0
06051GEC,BANK OF AMERICA CORP,10000,5.63,44013,F1,BAA1,109.88,2.8125,USD,10990.81,0.11,2.65,3.12,0.12,1.1,3.2,1.36
06051GFQ,BANK OF AMERICA CORP,5000,4.75,53073,F1,BAA3,101.21,0.92361111,USD,5061.42,0.05,4.67,15.42,3.43,1.7,15.57,3.4
06367THQ,BANK OF MONTREAL,20000,1.5,43664,F1,AA3,98.65,0.67916667,USD,19730.68,0.19,2.05,2.47,0.07,0.71,2.48,0.85
06367TJY,BANK OF MONTREAL,20000,1.62,44435,F1,AA3,100.26,0.148082,USD,20052.15,0.19,1.56,4.46,0.23,-0.29,4.46,0
06406FAD,BANK OF NEW YORK,10000,2.2,45154,F1,A1,95.3,0.825,USD,9530.83,0.09,2.99,6.05,0.41,0.8,6.1,1.41
06406HDF,BANK OF NY MELLON CORP,8500,2.45,44162,F1,A1,99.96,0.23138889,USD,8496.83,0.08,2.46,3.7,0.16,0.8,3.71,1.01
064159HC,BANK OF NOVA SCOTIA,8000,1.95,43480,F1,AA3,100.06,0.89916667,USD,8005.7,0.08,1.92,1.97,0.05,0.72,1.99,0.77
064159HM,BANK OF NOVA SCOTIA,25000,2.45,44277,F1,AA3,99.51,0.67375,USD,24878.17,0.24,2.57,3.96,0.18,0.83,3.99,1.14
064159HT,BANK OF NOVA SCOTIA,25000,1.65,43630,F1,AA3,99.04,0.07791667,USD,24760.08,0.24,2.05,2.39,0.07,0.74,2.39,0.9
07133AGU,BATTERY PARK AUTH-A,5000,4,48153,M2,AAA,108.5,0.66666667,USD,5425.67,0.05,3.27,11.24,1.54,0.68,11.31,1.27
071813BP,BAXTER INTERNATIONAL INC,7000,3.5,53554,IY,BAA2,83.75,1.32222222,USD,5863.82,0.06,4.5,16.92,4.06,1.46,17.18,3.43
07330NAJ,BRANCH BANKING & TRUST,20000,2.85,44287,F1,A1,101.45,0.7125,USD,20290.71,0.19,2.49,3.96,0.18,0.74,3.99,0.99
07330NAL,BRANCH BANKING & TRUST,20000,1.45,43595,F1,A1,98.85,0.20541667,USD,19770.21,0.19,1.95,2.3,0.06,0.66,2.31,0.78
073902PR,BEAR STEARNS CO INC,15000,6.4,43010,F1,A3,103.59,1.58222222,USD,15540.08,0.15,1.57,0.73,0.01,0.86,0.75,0.04
084659AD,BERKSHIRE HATHAWAY ENERG,10000,3.5,45689,U1,A3,101.85,1.45833333,USD,10186.46,0.1,3.24,6.91,0.56,0.94,7.01,1.63
09256BAH,BLACKSTONE HOLDINGS FINA,10000,4.45,53158,F2,A+,91.2,2.05194444,USD,9122.05,0.09,5.03,15.12,3.37,2.05,15.46,4.19
097023BQ,BOEING CO,25000,1.88,45092,ID,A2,95.27,0.08333333,USD,23817.58,0.23,2.68,6.02,0.41,0.51,6.02,0.92
097023BS,BOEING CO,10000,3.38,53493,ID,A2,90.87,0.15,USD,9087.15,0.09,3.9,17.94,4.38,0.86,17.96,2.26
10112RAY,BOSTON PROPERTIES INC,15000,2.75,46296,F5,BAA2,91.29,1.02361111,USD,13694.52,0.13,3.83,8.3,0.8,1.4,8.4,2.53
11070TAB,BRITISH COLUMBIA PROVINCE OF,30000,2,44857,Y1,AAA,97.75,0.37777778,USD,29325.38,0.28,2.42,5.43,0.33,0.36,5.45,0.58
12189LAJ,BURLINGTON NORTH SANTA FE,25000,4.4,51940,I8,A3,104.06,1.29555556,USD,26016.3,0.25,4.14,15.18,3.17,1.24,15.37,2.52
12514MBA,CD 2016-CD1 ASB,10000,2.62,46213,B1,AAA,97.75,0.2185,USD,9775.22,0.09,2.91,8.29,0.79,0.5,8.31,1.39
12528LAA,CGBAM 2014-HD A,3323.64,0.96,42781,B1,AAA,99.48,0.04129032,USD,3306.4,0.03,5.11,0.12,0,4.61,0.12,10.38
125896BL,CMS ENERGY,10500,4.7,52321,U1,BAA2,104.35,1.18805556,USD,10957.94,0.11,4.42,15.08,3.2,1.5,15.25,2.96
12591KAE,COMM13-CR12 A-4,21380,4.05,45209,B1,AAA,106.67,0.33716667,USD,22806.38,0.22,2.97,5.87,0.4,0.79,5.88,1.34
12591QAR,COMM 2014-UBS4 A5,20500,3.69,45483,B1,AAA,103.33,0.30783333,USD,21182.96,0.2,3.21,6.48,0.49,0.95,6.5,1.66
12591UAC,COMM 2014-UBS2 A3,9500,3.47,44265,B1,AAA,103.22,0.202125,USD,9806.1,0.09,2.67,3.86,0.17,0.94,3.86,1.28
12592FAA,COMM 2014-277P A,10000,3.73,45514,B1,AAA,103.47,0.21768116,USD,10347.22,0.1,3.24,6.54,0.5,0.97,6.55,1.5
12592KBC,COMM 2014-UBS5 A4,20000,3.84,45545,B1,AAA,104.3,0.31983333,USD,20860.32,0.2,3.23,6.58,0.51,0.96,6.59,1.66
12592PBF,COMM 2014-UBS6 A5,20000,3.64,45606,B1,AAA,102.9,0.30366667,USD,20580.3,0.2,3.25,6.74,0.53,0.96,6.76,1.68
12593GAF,COMM 2015-PC1 A5,10000,3.9,45818,B1,AAA,104.34,0.32516667,USD,10434.33,0.1,3.33,7.1,0.59,1.01,7.12,1.76
12635FAT,CSAIL15-C3 A4,10000,3.72,45853,B1,AAA,104.13,0.30985,USD,10413.31,0.1,3.18,7.23,0.61,0.86,7.25,1.51
13034VAB,CALIFORNIA INSTITUTE OF TEC,14000,4.32,53175,X1,AA2,104.91,1.80041667,USD,14689.2,0.14,4.03,16.36,3.78,1.04,16.64,2.33
136375CK,CANADIAN NATIONAL RWY,25000,3.2,53541,I8,A2,87.69,1.32444444,USD,21923.82,0.21,3.9,17.94,4.43,0.85,18.22,2.31
14042E3Y,CAPITAL ONE NA,10000,2.95,44400,F1,BAA1,100.28,1.29472222,USD,10029.29,0.1,2.88,4.19,0.2,1.07,4.24,1.57
14912L6P,CATERPILLAR FINL SERVICE,10000,1.5,43154,IG,A3,99.95,0.53333333,USD,9995.53,0.1,1.54,1.13,0.02,0.67,1.13,0
166764AA,CHEVRON CORP,15000,1.1,43074,I3,AA2,99.77,0.07973333,USD,14965.58,0.14,1.35,0.92,0.01,0.56,0.92,0
166764AB,CHEVRON CORP,10000,2.36,44900,I3,AA2,98.02,0.17008333,USD,9802.17,0.09,2.72,5.48,0.34,0.64,5.49,1.06
166764AY,CHEVRON CORP,10000,2.42,44152,I3,AA2,100.63,0.29565556,USD,10063.3,0.1,2.25,3.68,0.16,0.59,3.69,0.66
166764BD,CHEVRON CORP,5000,3.33,45978,I3,AA2,101.78,0.40651111,USD,5089.41,0.05,3.09,7.63,0.67,0.74,7.66,1.33
166764BK,CHEVRON CORP,30000,2.57,45062,I3,AA2,98.48,0.32075,USD,29544.32,0.28,2.83,5.82,0.38,0.69,5.84,1.18
171232AQ,CHUBB CORP,15000,6,50171,F9,A3,124.54,0.83333333,USD,18681.83,0.18,4.19,12.58,2.14,1.45,12.67,2.49
17248RAJ,CINGULAR WIRELESS-GLOBAL,15000,7.13,48197,X5,BBB+,124.91,0.31666667,USD,18736.82,0.18,4.77,9.8,1.26,2.22,9.83,3.45
17275RAD,CISCO SYSTEMS INC-GLOBAL,15000,5.9,50816,IM,A1,126.79,2.22888889,USD,19020.73,0.18,4.05,13.23,2.41,1.27,13.46,2.25
17275RAE,CISCO SYSTEMS INC-GLOBAL,15000,4.95,43511,IM,A1,106.86,1.87,USD,16030.87,0.15,1.64,2,0.05,0.43,2.03,0.33
17275RAF,CISCO SYSTEMS INC,25000,5.5,51150,IM,A1,121.61,2.53611111,USD,30405.04,0.29,4.05,13.71,2.6,1.23,13.99,2.26
172967FF,CITIGROUP INC,2432,5.38,44052,F1,BAA1,108.99,2.12013889,USD,2652.76,0.03,2.74,3.24,0.13,1.16,3.3,1.48
172967JJ,CITIGROUP INC,10000,2.4,43879,F1,BAA1,99.73,0.88666667,USD,9973.89,0.1,2.49,2.97,0.11,1.01,3,1.23
172967KE,CITIGROUP INC,15000,2.05,43441,F1,BAA1,99.97,0.13666667,USD,14995.64,0.14,2.06,1.89,0.05,0.9,1.89,0.98
172967KN,CITIGROUP INC,20000,3.4,46143,F1,BAA1,97.03,0.56666667,USD,19406.57,0.19,3.78,7.86,0.72,1.39,7.91,2.43
17320QAA,CGCMT 2013-375P A,7500,3.25,45056,B1,AAA,101.68,0.18964167,USD,7626.19,0.07,2.98,5.67,0.37,0.85,5.68,1.43
17322MAS,CGCMT 2014-GC21 A1,2205.52,1.24,43534,B1,AAA,99.67,0.1035,USD,2198.35,0.02,1.4,2.15,0.06,0.15,2.15,0
17401QAD,CITIZENS BANK NA/RI,5000,2.5,43538,F1,BAA1,100.73,0.74305556,USD,5037.24,0.05,2.15,2.12,0.06,0.91,2.14,1.15
17401QAE,CITIZENS BANK NA/RI,7000,2.55,44329,F1,BAA1,99.3,0.34,USD,6951.34,0.07,2.72,4.09,0.19,0.95,4.11,1.35
191098AK,COCA COLA BOTTL CO CONSL,7000,3.8,45986,IX,BAA2,100.29,0.38,USD,7020.68,0.07,3.76,7.47,0.65,1.41,7.5,2.41
191216AR,COCA-COLA CO,15000,3.15,44150,IX,AA3,103.8,0.4025,USD,15570.4,0.15,2.12,3.63,0.15,0.47,3.65,0.46
191216BF,COCA-COLA CO,10000,1.65,43405,IX,AA3,100.38,0.275,USD,10038.28,0.1,1.44,1.8,0.04,0.31,1.8,0
191216BV,COCA-COLA CO/THE,12000,1.38,43615,IX,AA3,99.31,0.11840278,USD,11917.32,0.11,1.67,2.36,0.07,0.37,2.37,0.29
19416QEG,COLGATE-PALMOLIVE CO,12000,3.25,45366,IW,AA3,103.26,0.95694444,USD,12392.16,0.12,2.75,6.35,0.47,0.5,6.41,0.93
19416QEJ,COLGATE-PALMOLIVE CO,10000,4,53189,IW,AA3,102.85,1.51111111,USD,10286.51,0.1,3.83,16.89,3.96,0.84,17.14,2.03
20030NBH,COMCAST CORPORATION,5000,4.25,48594,IJ,A3,103.92,1.95972222,USD,5197.96,0.05,3.92,11.44,1.66,1.29,11.66,2.28
202795JG,COMMONWEALTH EDISON CO,3000,4.35,53281,U1,A2,104.2,0.55583333,USD,3126.56,0.03,4.1,16.54,3.84,1.1,16.63,2.45
202795JJ,COMMONWEALTH EDISON,15000,3.65,53493,U1,A2,93.77,0.16222222,USD,14065.66,0.14,4.01,17.51,4.23,0.98,17.54,2.41
20826FAD,CONOCOPHILLIPS,15000,3.35,45611,I2,BAA2,99.3,0.42805556,USD,14895.43,0.14,3.45,6.84,0.54,1.16,6.87,2.01
20826FAR,CONOCOPHILLIPS COMPANY,5000,5.95,53401,I3,BAA2,123.51,1.75194444,USD,6177.25,0.06,4.49,15.08,3.35,1.53,15.29,2.87
209111EM,CONSOLIDATED ED OF NY,15000,6.2,49841,U1,A2,125.4,0.27555556,USD,18810.28,0.18,4.26,12.17,1.99,1.55,12.19,2.6
209111FF,CONSOLIDATED ED OF NY,10000,4.63,56584,U1,A2,104.67,0.38541667,USD,10467.39,0.1,4.37,18.17,5.03,1.32,18.24,2.86
209111FG,CONSOLIDATED EDISON CO O,10000,4.5,53297,U1,A2,105.82,0.375,USD,10582.38,0.1,4.15,16.41,3.79,1.16,16.47,2.51
209111FH,CONSOLIDATED ED OF NY,10000,3.85,53493,U1,A2,95.21,0.17111111,USD,9521.17,0.09,4.13,17.17,4.1,1.11,17.21,2.6
210518CX,CONSUMERS ENERGY CO,17000,4.35,60145,U1,A1,99.9,1.47851124,USD,16984.48,0.16,4.35,19.73,6.35,1.27,20.02,2.9
210518CZ,CONSUMERS ENERGY CO,15000,3.25,53554,U1,A1,88.08,1.27291667,USD,13213.27,0.13,3.93,17.87,4.4,0.88,18.13,2.35
216871AC,COOPER US INC,10000,6.1,42917,X3,BAA1,102.23,3.05,USD,10226.05,0.1,1.59,0.48,0,0.97,0.5,0.43
22160KAC,COSTCO WHOLESALE CORP,10000,5.5,42809,IS,A1,100.92,1.61944444,USD,10093.62,0.1,0.98,0.21,0,0.48,0.21,0.03
22160KAH,COSTCO WHOLESALE CORP,10000,2.25,44607,IS,A1,99.01,0.85,USD,9901.85,0.1,2.45,4.77,0.26,0.51,4.81,0.76
233851CF,DAIMLER FINANCE NA LLC,20000,1.5,43651,IN,A-,98.34,0.72916667,USD,19668.73,0.19,2.18,2.43,0.07,0.85,2.45,1.09
244199BF,DEERE + CO,5000,3.9,52026,IG,A2,99.94,0.23833333,USD,4997.24,0.05,3.9,16,3.43,0.99,16.04,2.18
24422ETF,JOHN DEERE CAPITAL CORP,5000,2.55,44204,IG,A2,100.34,1.22541667,USD,5018.23,0.05,2.46,3.76,0.17,0.77,3.8,0.99
24422ETG,JOHN DEERE CAPITAL CORP,25000,2.8,44991,IG,A2,99.89,0.89444444,USD,24973.39,0.24,2.82,5.59,0.36,0.71,5.64,1.18
24703EAC,DEFT 2016-1 A3,10000,1.65,44399,A6,AAA,99.92,0.04125,USD,9992.04,0.1,1.67,4.36,0.22,-0.15,4.36,0.04
247109BR,DELMARVA POWER & LIGHT,5000,4,52018,U1,A2,97.01,0.33333333,USD,4850.83,0.05,4.19,15.65,3.32,1.28,15.7,2.69
247109BT,DELMARVA POWER & LIGHT,20000,4.15,53097,U1,A2,102.26,0.53027778,USD,20452.53,0.2,4.01,16.65,3.84,1.03,16.73,2.33
250847EA,Detroit Edison,5000,5.7,50314,U1,AA3,123.5,1.425,USD,6176.43,0.06,4.02,12.9,2.25,1.26,13.05,2.23
250847ED,DETROIT EDISON,14000,5.6,43266,U1,AA3,105.62,0.24888889,USD,14787.05,0.14,1.67,1.41,0.03,0.69,1.41,0.02
250847EK,DETROIT EDISON,10000,3.95,52032,U1,AA3,99.15,0.17555556,USD,9915.18,0.1,4,15.89,3.39,1.09,15.92,2.35
25245BAA,DIAGEO INVESTMENT CORP,4944,4.25,51997,IX,A3,100.41,0.59027778,USD,4964.86,0.05,4.22,15.37,3.23,1.32,15.46,2.7
25468PDD,WALT DISNEY COMPANY/THE,10000,1.5,43360,IO,A2,100.17,0.43333333,USD,10017.43,0.1,1.4,1.68,0.04,0.32,1.69,0
25468PDE,WALT DISNEY COMPANY/THE,15000,2.15,44091,IO,A2,100.37,0.62111111,USD,15056.12,0.14,2.04,3.53,0.15,0.42,3.55,0.36
25468PDF,WALT DISNEY COMPANY/THE,10000,3.15,45917,IO,A2,101.28,0.91,USD,10128.91,0.1,2.98,7.52,0.65,0.63,7.58,1.16
257375AJ,DOMINION GAS HOLDINGS LLC,5000,4.6,52946,IV,A2,99.3,0.20444444,USD,4965.2,0.05,4.64,15.57,3.45,1.68,15.6,3.38
260003AG,DOVER CORP,15000,6.6,50479,X3,A3,131.19,1.94333333,USD,19680.44,0.19,4.33,12.48,2.16,1.58,12.66,2.64
260003AM,DOVER CORP,7000,3.15,45976,X3,A3,100.5,0.4025,USD,7035.4,0.07,3.08,7.67,0.68,0.73,7.7,1.32
263901AA,DUKE ENERGY INDIANA INC,15000,6.35,50632,U1,AA3,130.06,2.39888889,USD,19511.4,0.19,4.22,12.75,2.26,1.45,12.98,2.48
263901AD,DUKE ENERGY INDIANA INC,10000,4.2,51940,U1,AA3,98.85,1.23666667,USD,9886.24,0.09,4.27,15.21,3.18,1.37,15.4,2.8
26442CAN,DUKE ENERGY CAROLINAS LLC,15000,4,52139,U1,AA2,99.11,1.01111111,USD,14867.51,0.14,4.05,15.78,3.39,1.13,15.94,2.44
26442CAR,DUKE ENERGY CAROLINAS,10000,3.88,53401,U1,AA2,97.61,1.14097222,USD,9762.14,0.09,4.01,17.04,4.06,1,17.23,2.37
26442RAB,DUKE ENERGY PROGRESS INC,3000,4.38,52686,U1,AA3,103.42,1.10590278,USD,3103.71,0.03,4.16,15.87,3.52,1.21,16.03,2.56
26442UAA,DUKE ENERGY PROGRESS INC,10000,3.25,45884,U1,AA3,101.41,1.22777778,USD,10142.23,0.1,3.06,7.4,0.64,0.72,7.49,1.3
26444GAA,DUKE ENERGY FL PROJ FIN,12500,1.2,43891,U1,AAA,99.19,0.6279,USD,12399.38,0.12,1.46,3.08,0.11,-0.04,3.1,0
26444HAA,DUKE ENERGY FLORIDA LLC,25000,3.4,53601,U1,A1,88.78,1.05777778,USD,22196.06,0.21,4.05,17.65,4.32,1,17.86,2.55
268317AL,ELECTRICITE DE FRANCE,15000,6,78155,U1,AA3,97.02,2.65,USD,14555.65,0.14,6.18,15.71,5.01,3.06,16.13,5.91
26875PAP,EOG RESOURCES INC,15000,4.15,46037,I2,BAA1,104.51,1.91361111,USD,15678.41,0.15,3.56,7.4,0.65,1.21,7.53,2.06
281020AJ,EDISON INTERNATIONAL,10000,2.95,45000,U1,A3,98.82,0.86861111,USD,9882.87,0.09,3.16,5.58,0.36,1.05,5.63,1.74
29364NAT,ENTERGY MISSISSIPPI INC,5000,2.85,46905,U1,A3,94.79,0.2375,USD,4739.74,0.05,3.4,9.59,1.06,0.91,9.61,1.68
29364WAV,ENTERGY LOUISIANA HOLDINGS,10000,4.95,52977,U1,A2,102.52,2.2825,USD,10254.28,0.1,4.78,14.91,3.27,1.83,15.25,3.56
29429EAB,CGCMT 2016-P4 A2,6134,2.45,44387,B1,AAA,100.14,0.20416667,USD,6142.79,0.06,2.43,4.23,0.21,0.62,4.24,0.91
299808AF,EVEREST REINSURANCE HOLDING,15000,4.87,52749,F9,BAA1,96.81,0.40566667,USD,14521.91,0.14,5.08,14.78,3.16,2.14,14.84,4.14
30161MAE,EXELON GENERATION CO LLC,25000,6.2,43009,U1,BAA2,103.3,1.55,USD,25826.55,0.25,1.74,0.73,0.01,1.03,0.74,0.31
30216BEX,EXPORT DEVELOPMENT CORP,15000,1,42870,Y5,AAA,99.98,0.12777778,USD,14997.13,0.14,1.05,0.37,0,0.49,0.37,0
30231GAF,EXXON MOBIL CORP,10000,2.71,45722,I3,AAA,97.22,0.865375,USD,9722.87,0.09,3.1,7.21,0.59,0.78,7.27,1.41
30231GAG,EXXON MOBIL CORP,10000,1.91,43896,I3,AAA,99.83,0.61077778,USD,9983.61,0.1,1.97,3.06,0.11,0.47,3.07,0.36
30231GAL,EXXON MOBIL CORP,30000,1.31,43165,I3,AAA,99.96,0.416875,USD,29988.42,0.29,1.33,1.17,0.02,0.45,1.17,0
30231GAW,EXXON MOBIL CORPORATION,35000,4.11,53387,I3,AAA,102.21,1.37133333,USD,35774.87,0.34,3.98,16.82,3.97,0.97,17.05,2.28
30289VAF,FRESB 2016-SB20 A5H,10492.88,2.14,49881,B1,AAA,98.63,0.03566667,USD,10349.16,0.1,2.24,15.79,2.92,-0.56,15.8,0
30958QAA,FARMERS EXCHANGE CAP III,15500,5.45,56537,F9,BAA2,97.39,1.2726,USD,15096.72,0.15,5.62,15.49,3.93,2.58,15.7,4.99
3128X0AZ,FREDDIE MAC,45000,0,48946,2A,AAA,53.6,0,USD,24120,0.23,3.7,16.7,2.87,0.94,16.7,1.94
3128X74S,FEDERAL HOME LN MTG CORP,37500,0,50724,2A,AAA,44.61,0,USD,16728.75,0.16,3.72,21.48,4.72,0.77,21.48,1.95
312902LX,FEDERAL HOME LN MTG CORP,120000,0,47469,2A,AAA,64.69,0,USD,77628,0.75,3.39,12.75,1.69,0.79,12.75,1.53
3130A1NN,FEDERAL HOME LOAN BANK,15000,0.88,42879,3A,AAA,100.05,0.08993056,USD,15007.59,0.14,0.74,0.4,0,0.17,0.4,0
31315PYH,FARMER MAC,15000,2.8,44567,2A,AAA,101.73,1.36111111,USD,15260.86,0.15,2.43,4.6,0.25,0.51,4.66,0.74
313379DD,FEDERAL HOME LOAN BANK,30000,1,42907,3A,AAA,100.15,0.02777778,USD,30045.03,0.29,0.68,0.47,0,0.07,0.47,0
3133X72S,FEDERAL HOME LOAN BANK,15000,5.38,43600,3A,AAA,109.3,0.68680556,USD,16395.69,0.16,1.37,2.24,0.06,0.1,2.25,0
3133XGAY,FEDERAL HOME LOAN BANK-GLOBAL,75000,5.5,49871,3A,AAA,130.96,2.53611111,USD,98222.54,0.94,3.33,12.75,2.15,0.61,12.99,1.2
3134A2HG,FEDERAL HOME LN MTG CORP,30000,0,46002,2A,AAA,76.89,0,USD,23067,0.22,2.96,8.82,0.82,0.54,8.82,1.07
3134A3D2,FHLMC 15-Aug-27,63912,0,46614,2A,AAA,71.91,0,USD,45959.12,0.44,3.13,10.46,1.15,0.61,10.46,1.21
3134A3U5,FREDDIE MAC,45000,0,47376,2A,AAA,64.26,0,USD,28917,0.28,3.51,12.49,1.62,0.92,12.49,1.75
3134A3ZU,FEDERAL HOME LN MTG CORP,45000,0,47466,2A,AAA,65.03,0,USD,29263.5,0.28,3.35,12.74,1.69,0.75,12.74,1.46
3134A4AB,FREDDIE MAC,135000,0,47922,2A,AAA,61.21,0,USD,82633.5,0.79,3.49,13.96,2.02,0.83,13.96,1.64
3134A4CE,FREDDIE MAC,11850,0,46280,2A,AAA,74.02,0,USD,8771.37,0.08,3.12,9.56,0.96,0.65,9.56,1.28
3134A4CF,FREDDIE MAC,15000,0,46461,2A,AAA,72.34,0,USD,10851,0.1,3.2,10.05,1.06,0.7,10.05,1.37
3134A4KY,FREDDIE MAC,135000,0,48410,2A,AAA,57.8,0,USD,78030,0.75,3.56,15.27,2.41,0.85,15.28,1.72
3134A4NJ,FREDDIE MAC,34600,0,46402,2A,AAA,72.17,0,USD,24970.82,0.24,3.27,9.88,1.02,0.78,9.88,1.51
3134A4NK,FREDDIE MAC,30000,0,46583,2A,AAA,70.58,0,USD,21174,0.2,3.33,10.37,1.13,0.82,10.37,1.57
3134A4NL,FREDDIE MAC,37500,0,46767,2A,AAA,69.02,0,USD,25882.5,0.25,3.39,10.86,1.23,0.86,10.86,1.62
3134A4NM,FREDDIE MAC,30000,0,46949,2A,AAA,68.29,0,USD,20487,0.2,3.33,11.35,1.34,0.78,11.35,1.5
31358DCT,FANNIE MAE,45000,0,50623,2A,AAA,43.8,0,USD,19710,0.19,3.86,21.19,4.59,0.91,21.19,2.22
31358DDG,FNMA Prin Strip,60000,0,47498,4A,AAA,63.99,0,USD,38394,0.37,3.45,12.82,1.71,0.85,12.82,1.64
31358DDR,FANNIE MAE,100000,0,47618,2A,AA+,64.15,0,USD,64150,0.62,3.35,13.15,1.8,0.73,13.15,1.44
31358DDS,FNMA Prin STP,150000,0,47802,4A,AAA,62.22,0,USD,93330,0.9,3.45,13.64,1.93,0.81,13.64,1.59
31358DJP,FNMA PRIN STRIPS,30000,0,50236,2A,AAA,45.98,0,USD,13794,0.13,3.82,20.16,4.16,0.91,20.16,2.14
31359YBC,FANNIE MAE STRIPS,60000,0,46341,4A,AAA,73.57,0,USD,44142,0.42,3.13,9.72,0.99,0.65,9.72,1.28
31359YBF,FNMA Coupon Strip,41250,0,46888,4A,AAA,69.09,0,USD,28499.63,0.27,3.28,11.19,1.31,0.73,11.19,1.41
31359YBG,FANNIEMAE STRIPS,15000,0,47072,2A,AAA,67.59,0,USD,10138.5,0.1,3.33,11.68,1.42,0.76,11.68,1.47
31359YDA,FANNIE MAE,20359,0,47314,2A,AAA,65.43,0,USD,13320.89,0.13,3.41,12.33,1.58,0.82,12.33,1.59
31359YDZ,FANNIEMAE STRIPS,90000,0,47437,2A,AAA,62.74,0,USD,56466,0.54,3.65,12.64,1.66,1.06,12.64,2
31359YEA,Fannie Mae Strips,90000,0,47618,4A,AAA,61.79,0,USD,55611,0.53,3.63,13.14,1.79,1.01,13.14,1.94
3135G0GY,FEDERAL NATL MTG ASSN,30000,1.25,42765,4A,AAA,100.05,0.52430556,USD,30015.52,0.29,0.64,0.08,0,0.14,0.08,0
3135G0MZ,FEDERAL NATL MTG ASSN,30000,0.88,42975,4A,AAA,100,0.29895833,USD,30000.3,0.29,0.87,0.66,0.01,0.19,0.66,0
3135G0PQ,FEDERAL NATL MTG ASSN,15000,0.88,43034,4A,AAA,100.01,0.15798611,USD,15001.66,0.14,0.85,0.82,0.01,0.11,0.82,0
3135G0WJ,FEDERAL NATL MTG ASSN,30000,0.88,43241,4A,AAA,99.7,0.09722222,USD,29910.1,0.29,1.09,1.38,0.03,0.12,1.38,0
3135G0ZL,FEDERAL NATL MTG ASSN,15000,1,43005,4A,AAA,100.09,0.26111111,USD,15013.76,0.14,0.87,0.74,0.01,0.16,0.74,0
31364EAV,FNMA Principal Strip,90000,0,46668,4A,AAA,71.79,0,USD,64611,0.62,3.1,10.61,1.18,0.58,10.61,1.15
31364EBA,FNMA MTN,10424,0,46835,4A,AAA,68.88,0,USD,7180.05,0.07,3.35,11.05,1.27,0.81,11.05,1.54
3136A14P,FNR 2011-117 MA,4437.67,2,43398,N1,AAA,99.26,0.16666667,USD,4405,0.04,2.9,0.66,-0.13,2.08,0.68,0
3136A23Z,FNR 2011-144 LP,13498.15,2,43549,N1,AAA,98.28,0.16666667,USD,13266.15,0.13,4.07,0.75,-0.15,3.17,0.77,0
3136A3D4,FNR 2012-9 CP,12779.21,2,50826,N1,AAA,96.26,0.16666667,USD,12301.43,0.12,2.96,13.45,-1.93,0.74,3.51,0
3136A5MQ,FNR 2012-35 QA,13945.83,2,51312,N1,AAA,95.64,0.16666667,USD,13337.96,0.13,3.24,13.54,-1.16,1.07,3.23,0
3136A6MU,FNR 2012-60 JE,23076.84,2,43763,N1,AAA,98.78,0.16666667,USD,22795.47,0.22,3.24,0.86,-0.17,2.26,0.88,0
3136A7GB,FNR 2012-70 QA,8851.12,2,43641,N1,AAA,98.83,0.16666667,USD,8747.73,0.08,3.26,0.8,-0.16,2.33,0.83,0
3136A8GJ,FNR 2012-93 LN,12264.19,1.75,44221,N1,AAA,97.06,0.14583333,USD,11903.77,0.11,4.57,0.97,-0.19,3.49,1,0
3136AAF5,FNR 2012-133 JK,29214.15,1.75,50216,H2,AAA,96.96,0.14583333,USD,28326.19,0.27,2.16,8.37,-1.22,-0.24,7.15,0
3136ACK5,FNR 2013-15 LP,55666.15,1.5,49851,H2,AAA,97.48,0.125,USD,54263.49,0.52,1.92,9.8,-3.53,-0.34,5.56,0
3136ADXN,FNR 2013-26 EP,34929.66,2.5,47477,H2,AAA,99.72,0.20833333,USD,34832.07,0.33,2.55,3.86,-0.65,0.53,4.06,0
3136AEEW,FNR 2013-53 VB,13000,3,47993,H2,AAA,96.81,0.25,USD,12585.55,0.12,3.3,11.35,-1,0.76,9.77,0
3136AGLR,FNR 2013-93 PJ,22914.45,3,47021,H2,AAA,101.92,0.25,USD,23354.66,0.22,2.59,4.76,-2.51,0.45,4.98,0
3136AK4E,FNR 2014-64 MV,5250,3,48054,N3,AAA,97.82,0.25,USD,5135.8,0.05,3.22,10.02,-2,0.68,10.33,0
3136AKPZ,FNR 2014-42 BA,21786.5,3,47539,C9,AAA,101.34,0.25,USD,22078.69,0.21,2.58,5.24,-5.33,0.53,3.84,0
3136AKS4,FNR 2014-53 VB,14639,3.5,48724,C9,AAA,101.86,0.29166667,USD,14911.58,0.14,3.27,9.51,-3.85,0.76,9.21,0
3136ALD9,FNR 2014-85 LY,5061.18,3,49181,C9,AAA,98.15,0.25,USD,4967.8,0.05,3.16,11.44,-3.15,0.59,10.79,0
3136ALEX,FNR 2014-66 VB,8400,3,49150,N1,AAA,97.18,0.25,USD,8163.37,0.08,3.25,11.82,-2.09,0.64,11.21,0
3136ALNW,FNR 2014-76 VB,28530.99,3.5,49059,C9,AAA,102.96,0.29166667,USD,29375.8,0.28,3.15,9.51,-5.14,0.63,9.4,0
3136ALRC,FNR 2014-68 VM,21906.62,3,47751,C9,AAA,98.32,0.25,USD,21538.84,0.21,3.14,11.56,-3.34,0.64,9.36,0
3136AT5G,FNA 2016-M11 AL,8396.79,2.94,50976,B1,AAA,97.51,0.04906667,USD,8187.76,0.08,3.12,16.17,3.27,0.26,16.18,0
3136AT6Q,FNR 2016-86 PL,8400.09,2.5,53503,H2,AAA,89.3,0.20833333,USD,7501.49,0.07,3.22,17.18,-1.87,0.39,15.51,0
3136ATEB,FNR 2016-57 PZ,2474.25,3,53168,G2,AAA,83.04,0.25,USD,2054.87,0.02,3.83,22.51,-1.67,0.79,23.63,0
3136ATQF,FNR 2016-61 PL,3375.46,3,53352,H2,AAA,91.94,0.25,USD,3103.65,0.03,3.57,14.25,-6.26,0.77,14.74,0
3136AUMV,FNR 2016-90 CZ,2862.82,3,53383,C9,AAA,86.12,0.25,USD,2465.71,0.02,3.61,31.06,1.76,0.51,24.14,0
3136F7NM,FANNIE MAE,75000,0,47802,4A,AAA,61.65,0,USD,46237.5,0.44,3.52,13.64,1.93,0.88,13.64,1.71
3137ACNQ,FHR 3879 NH,375.77,2.5,42962,H2,AAA,100.25,0.20833333,USD,376.92,0,1.15,0.22,-0.09,0.59,0.27,0
3137AMKX,FHR 4020 LA,6812.11,2,50479,H2,AAA,96.23,0.16666667,USD,6555.46,0.06,2.52,10.65,-1.3,0.08,7.05,0
3137ATPA,FHR 4097 QN,11568.38,1.75,44362,H2,AAA,95.75,0.14583333,USD,11076.87,0.11,5.47,1.09,-0.21,4.36,1.13,0
3137AVM9,FHR 4116 LG,19286.49,1.5,48775,H2,AAA,94.64,0.125,USD,18252.86,0.18,2.37,10.13,0.3,0.05,6.07,0
3137B2JG,FHR 4220 KC,8163.96,1.5,46127,C9,AAA,98.52,0.125,USD,8043.26,0.08,1.93,4.81,-2.68,0.06,3.24,0
3137B4A5,FHR 4239 LB,30757.43,2.5,49994,H2,AAA,97.88,0.20833333,USD,30105.58,0.29,2.8,8.9,-1.74,0.4,6.78,0
3137B6XD,FHR 4287 AB,8427.65,2,46371,N1,AAA,99.19,0.16666667,USD,8359.55,0.08,2.24,3.64,-2.2,0.36,3.14,0
3137B7DL,FHR 4290 ED,16993.07,2.25,48867,H2,AAA,98.21,0.1875,USD,16689.08,0.16,2.6,5.89,-3.27,0.56,4.14,0
3137B8DA,FHR 4302 CA,13497.46,3,48441,C9,AAA,100.7,0.25,USD,13592.19,0.13,2.8,5.65,-2.63,0.62,4.81,0
3137BAY2,FHR 4342 BG,8488.92,3,51606,H2,AAA,101.11,0.25,USD,8583.4,0.08,2.83,8.58,-3.9,0.35,7.31,0
3137BBCU,FHR 4354 HG,23450.58,3,49355,C9,AAA,101.58,0.25,USD,23821.35,0.23,2.62,5.6,-3.51,0.41,4.97,0
3137BBF3,FHR 4352 DA,21122.58,3,48625,C9,AAA,100.61,0.25,USD,21251.68,0.2,2.83,5.86,-2.65,0.62,4.97,0
3137BBFL,FHR 4349 AK,5753.39,3,51820,H2,AAA,101.45,0.25,USD,5837.06,0.06,2.83,8.76,-3.46,0.27,8.68,0
3137BBFN,FHR 4349 AM,3951.76,3,51820,H2,AAA,101.45,0.25,USD,4009.31,0.04,2.83,8.76,-3.46,0.27,8.68,0
3137BBJW,FHR 4357 GN,19022.87,3,48014,C9,AAA,102.05,0.25,USD,19413.09,0.19,2.49,4.66,-2.94,0.36,4.5,0
3137BBPX,FHR 4351 EA,12707.29,3,47467,C9,AAA,98.35,0.25,USD,12497.87,0.12,3.18,9.87,-3.78,0.78,8.03,0
3137BCNL,FHR 4363 VB,10573.67,3,48410,C9,AAA,95.73,0.25,USD,10122.42,0.1,3.45,12.51,-2.21,0.96,9.12,0
3137BDH7,FHR 4384 BA,30465,3,49749,H2,AAA,99.84,0.25,USD,30416.51,0.29,3.02,12.94,-3.78,0.36,12.18,0
3137BDSP,FHR 4385 HU,7516,3,49140,H2,AAA,96.39,0.25,USD,7244.92,0.07,3.32,12.16,-0.77,0.71,10.49,0
3137BFGG,FHR 4423 NJ,27825,3,49049,C9,AAA,99.34,0.25,USD,27641.61,0.27,3.04,11.06,-3.75,0.54,9.08,0
3137BFZL,FHR 4433 DW,19148.15,3,49232,C9,AAA,98.84,0.25,USD,18926.28,0.18,3.1,11.41,-3.31,0.53,10.68,0
3137BGD8,FHR 4437 DW,19000,3,49263,C9,AAA,99.79,0.25,USD,18960.35,0.18,3.01,11.29,-3.47,0.44,10.78,0
3137BQYF,FRESB 2016-SB19 A7H,7465.26,2.33,53352,B1,AAA,97.69,0.19416667,USD,7293.01,0.07,2.63,7.54,-1.16,0.13,7.91,0
3137BQYR,FHMS K056 A1,9920.23,2.2,45863,B1,NR,97.05,0.18333333,USD,9627.77,0.09,3.05,3.46,-0.64,1.14,3.56,0
3137BRZX,FHR 4613 PE,1880,2.5,53462,H2,AAA,88.74,0.20833333,USD,1668.52,0.02,3.28,18.96,-0.16,0.46,15.18,0
3137BSSF,FHR 4632 MZ,16898.51,4,56354,C9,AAA,103.91,0.33333333,USD,17559.58,0.17,3.84,28.07,-5.56,0.69,24.57,0
3137EACA,FEDERAL HOME LN MTG CORP,15000,3.75,43551,2A,AAA,105.32,0.97916667,USD,15798.98,0.15,1.33,2.14,0.06,0.08,2.16,0
3137EADC,FEDERAL HOME LN MTG CORP,45000,1,42802,2A,AAA,100.08,0.31388889,USD,45036.31,0.43,0.56,0.19,0,0.06,0.19,0
3137EADH,FEDERAL HOME LN MTG CORP,30000,1,42915,2A,AAA,100.15,0.00555556,USD,30045.01,0.29,0.68,0.5,0,0.07,0.5,0
3137EADJ,FEDERAL HOME LN MTG CORP,30000,1,42944,2A,AAA,100.16,0.425,USD,30048.43,0.29,0.72,0.57,0.01,0.08,0.58,0
3137GAA2,FHR 3726 JH,3228.58,2.5,48197,H2,AAA,100.3,0.20833333,USD,3238.47,0.03,2.36,4.84,-2.32,0.33,4.07,0
31392GVH,FNR 2002-94 CE,1.51,5,43125,C9,AAA,99.95,0.41666667,USD,1.93,0,4.01,0.59,-0.12,3.28,0.61,0
31392HWE,FNR 2003-3 HJ,491.76,5,43156,C9,AAA,101.4,0.41666667,USD,499.06,0,2.03,0.55,-0.12,1.3,0.58,0
31393ALR,FNR 2003-26 TA,2138.39,6,45621,N1,AAA,102.25,0.29166667,USD,2186.8,0.02,2.38,2.07,-2.13,0.84,2.22,0
31393B6Q,FNA 2003-M2 D,2415.95,4.68,48604,C9,AAA,107.66,1.24032787,USD,2602.25,0.03,4.04,11.25,1.62,1.42,11.38,0
31393CZG,FNR 2003-46 HA,1825.2,4,45102,N2,AAA,103.76,0.33333333,USD,1894.16,0.02,2.53,2.71,-0.52,0.85,2.84,0
31393PEM,FHR 2595 HT,810.87,4.25,43845,H4,AAA,102.44,0.35416667,USD,831.01,0.01,2.22,1.13,-0.45,1.12,1.26,0
31393QXS,FHR 2610 UD,3489.4,4,48044,H2,AAA,104.65,0.33333333,USD,3651.99,0.04,3.07,4.82,-0.87,0.88,5.11,0
31393VVL,Freddie Mac LCF CMO 2642 AR,3141.17,4.5,45031,C2,AAA,106,0.375,USD,3330.02,0.03,2.15,2.13,-1.04,0.54,2.57,0
31394BX7,FNR 2004-95 CU,5816.77,5,45682,N1,AAA,107.24,0.41666667,USD,6238.32,0.06,2.71,3.13,-0.61,0.87,3.34,0
31394K3M,FHR 2688 DG,2507.91,4.5,45214,C9,AAA,105.65,0.375,USD,2649.98,0.03,2.49,2.73,-0.53,0.78,2.9,0
31394W7A,Freddie Mac CMO (Z) Class MZ Ser,869.09,4.5,43570,H5,AAA,102.56,0.375,USD,891.71,0.01,1.88,1.05,-0.21,0.89,1.09,0
31394XHT,Freddie Mac 2772 EY,2990.59,5,49049,H2,AAA,108.62,0.41666667,USD,3248.8,0.03,3.44,5.11,-0.95,1.18,5.54,0
31395NB5,FNR 2006-64 PD,12273.7,5.5,49881,N1,AAA,110.4,0.45833333,USD,13550.62,0.13,3.69,5.37,-0.99,1.38,5.88,0
31396GMG,FHR 3095 CB,4707.65,5,46037,H2,AAA,107.84,0.41666667,USD,5077.15,0.05,2.79,3.35,-0.65,0.88,3.6,0
31396NW5,FHR 3163 PE,4608.83,4.5,49810,H2,AAA,105.54,0.375,USD,4864.53,0.05,3.56,5.57,-1,1.24,5.95,0
31396QHE,FNR 2009-47 PC,780.81,3.5,50976,N1,AAA,103.02,0.29166667,USD,804.68,0.01,2.89,4.85,-1.34,0.62,5.43,0
31396X3J,FNR 2007-109 MA,1000.6,4.5,50399,C9,AAA,103.8,0.375,USD,1039,0.01,3.84,5.83,-1.04,1.48,6.2,0
31398G2B,FNR 2010-10 NB,1190.57,3,45407,H2,AAA,100.96,0.25,USD,1202.25,0.01,1.79,0.91,-0.64,0.83,1.01,0
31398GQU,FNR 2009-111 CB,2914.2,3,47598,N1,AAA,101.22,0.25,USD,2950,0.03,2.69,4.07,-0.67,0.63,4.27,0
31398LRL,FHR 3611 GB,835.73,3,49171,H2,AAA,101.45,0.25,USD,848.1,0.01,2.43,3.91,-2.55,0.59,3.26,0
31398NHX,FNR 2010-100 KE,2305.26,2.5,49699,H2,AAA,98.05,0.20833333,USD,2260.52,0.02,4.49,0.87,-0.17,3.49,0.9,0
31398SPC,FNR 2010-134 NY,7057.27,2.25,49303,H2,AAA,98.91,0.1875,USD,6980.53,0.07,2.49,4.01,-0.67,0.44,4.21,0
31398TZG,FNR 2010-87 PG,3202.8,3,47720,C9,AAA,102.08,0.25,USD,3269.67,0.03,2.2,2.96,-5.66,0.39,2.94,0
31398WKZ,FHR 3631 PC,5533.8,3,48714,H2,AAA,100.91,0.25,USD,5584.41,0.05,2.66,4.76,-2.6,0.63,3.93,0
31412PZK,FN 931446,3881.94,4,49369,N1,AAA,105.13,0.33333333,USD,4081.42,0.04,3.64,12.82,2.08,0.94,12.86,0
31677QAV,FIFTH THIRD BANK,10000,1.45,43159,F1,A3,99.76,0.49283708,USD,9976.49,0.1,1.66,1.14,0.02,0.78,1.15,0
31677QBG,FIFTH THIRD BANK,10000,2.25,44361,F1,A3,98.77,0.10625,USD,9877.11,0.09,2.54,4.21,0.2,0.75,4.21,1.04
341081EV,FLORIDA POWER + LIGHT,15000,5.65,50072,U1,AA2,120.99,2.35416667,USD,18150.85,0.17,4.1,12.51,2.12,1.37,12.76,2.39
341081EY,FLORIDA POWER & LIGHT,15000,5.85,50161,U1,AA2,124.71,0.975,USD,18707.48,0.18,4.05,12.7,2.17,1.31,12.8,2.28
341081FJ,FLORIDA POWER + LIGHT,15000,2.75,45078,U1,AA2,99.97,0.22916667,USD,14995.73,0.14,2.75,5.84,0.39,0.61,5.85,1.05
341099CR,FLORIDA POWER CORP,10000,3.85,52185,U1,A1,95.7,0.49194444,USD,9570.49,0.09,4.12,15.97,3.45,1.19,16.05,2.58
36159XAE,GECMC 2007-C1 A4,9486.66,5.54,42776,B1,A1,100.13,0.46191667,USD,9499.45,0.09,4.23,0.11,0,3.73,0.11,4.78
36225B4D,Ginnie Mae Platinum Pool 781720,1863.96,7,46650,G2,AAA,115.57,0.58333333,USD,2154.76,0.02,3.37,3.96,-0.67,1.33,4.16,0
36225B4E,Ginnie Mae II Platinum Pool # 78,621.8,7.5,46497,G2,AAA,116.02,0.625,USD,722.04,0.01,1.87,2.43,-0.34,0.1,2.84,0
36228CUV,GSMS 2005-ROCK A,15000,5.37,45780,B1,AAA,114.84,0.41735556,USD,17226.42,0.17,3.35,6.74,0.55,1.05,6.76,1.72
36250GAP,GSMS15-GC30 A-4,5000,3.38,45787,B1,AAA,101.3,0.28183333,USD,5065.28,0.05,3.22,7.17,0.6,0.9,7.19,1.61
36251LAE,GMALT 2016-2 A4,7500,1.76,43575,A1,AAA,99.29,0.14666667,USD,7446.9,0.07,2.21,1.13,-0.22,1.19,1.16,1.1
369604BP,GENERAL ELECTRIC CO,10941,4.2,54786,X3,A3,98.25,0.18666667,USD,10749.72,0.1,4.3,17.6,4.5,1.26,17.64,2.8
36962G3P,GENERAL ELECTRIC CAPITAL-GLOBA,10000,5.88,50419,F8,A1,125.65,2.72534722,USD,12567.73,0.12,4.05,12.78,2.24,1.29,13.06,2.27
36962G6S,GENERAL ELECTRIC CAPITAL,10000,3.1,44935,F8,A1,101.25,1.48111111,USD,10126.48,0.1,2.87,5.39,0.34,0.79,5.47,1.29
36962GXZ,GENERAL ELECTRIC CAPITAL-GLOBA,25000,6.75,48288,F8,A1,132.94,1.9875,USD,33236.99,0.32,3.86,10.17,1.35,1.3,10.32,2.07
373334KD,GEORGIA POWER CO,7000,1.95,43435,U1,A3,100.39,0.1625,USD,7027.46,0.07,1.74,1.87,0.04,0.58,1.88,0.44
375558BB,GILEAD SCIENCES INC,10000,2.55,44075,IZ,A3,101.08,0.85,USD,10108.85,0.1,2.24,3.46,0.14,0.63,3.49,0.69
375558BC,GILEAD SCIENCES INC,5000,3.25,44805,IZ,A3,101.96,1.08333333,USD,5099.08,0.05,2.87,5.1,0.3,0.85,5.16,1.34
375558BE,GILEAD SCIENCES INC,7000,1.85,43347,IZ,A3,100.36,0.60125,USD,7025.8,0.07,1.63,1.64,0.04,0.56,1.65,0.1
38141GES,GOLDMAN SACHS GROUP-GLOBAL,20000,5.95,46402,F1,BAA2,113.86,2.74361111,USD,22774.74,0.22,4.24,7.53,0.71,1.84,7.71,2.97
38141GFM,GOLDMAN SACHS GROUP,10000,6.15,43191,F1,A3,105.18,1.5375,USD,10519.54,0.1,1.93,1.2,0.02,1.02,1.22,0.35
38141GGM,GOLDMAN SACHS GROUP INC,10000,6.25,51533,F1,A3,123.75,2.60416667,USD,12377.6,0.12,4.61,13.31,2.54,1.77,13.59,3.06
38141GVT,GOLDMAN SACHS GROUP INC,5000,2,43580,F1,A3,99.56,0.36666667,USD,4978.37,0.05,2.19,2.25,0.06,0.92,2.25,1.19
38375CHQ,GNR 2012-50 EA,7749,1.5,44824,C9,AAA,95.65,0.125,USD,7412.04,0.07,5.59,1,-0.19,4.44,1.04,0
38375CVG,GNR 2012-54 JC,8872.44,1.5,51672,G2,AAA,100.91,0.125,USD,8953.3,0.09,1.08,3.35,-2.8,-0.68,2.82,0
38375X8B,GNR 2008-65 GN,3251.7,5.5,50637,C0,AAA,107.49,0.45833333,USD,3495.71,0.03,4.24,5.55,-1.02,1.89,6.01,0
38375YSK,GNR 2008-79 BH,3123.05,5,50637,G2,AAA,108.56,0.41666667,USD,3390.8,0.03,3.62,5.74,-1.05,1.26,6.25,0
38376C5H,GNR 2009-96 GA,865,6,50421,G2,AAA,104.59,0.5,USD,905.2,0.01,4.47,2.82,-0.92,2.52,3.16,0
38376JYM,GNR 2009-103 DA,1792.77,3,49811,C9,AAA,101.42,0.25,USD,1818.48,0.02,2.63,5.4,-3.74,0.47,4.54,0
38376KWC,GNR 2009-87 BD,763.1,3,44946,G2,AAA,101.39,0.25,USD,773.96,0.01,0.94,0.13,-0.48,0.09,0.76,0
38376TSE,GNR 2010-6 KA,2403.34,3,47772,C1,AAA,101.37,0.25,USD,2436.52,0.02,2.61,4.95,-3.49,0.57,4.11,0
38376V5C,GNR 2010-25 PB,3710.99,3,46646,C9,AAA,102.37,0.25,USD,3799.19,0.04,2.26,3.8,-3.82,0.35,3.4,0
38376WA6,GNR 2010-15 PD,2993.22,4,48080,C9,AAA,106.14,0.33333333,USD,3177.34,0.03,2.04,1.44,-2.27,0.06,3.3,0
38377FV6,GNR 2010-58 YJ,3069.84,3,45215,C9,AAA,101.14,0.25,USD,3105.09,0.03,2.43,3.14,-4.21,0.9,2.26,0
38379HNM,GNR 2014-181 VB,20000,3.5,49633,C9,AAA,102.67,0.29166667,USD,20534.29,0.2,3.19,9.85,-4.95,0.66,9.52,0
38379P2A,GNR 2015-91 ZD,10538.22,3.5,53102,C9,AAA,99.07,0.29166667,USD,10440.51,0.1,3.53,21.82,-4.67,0.61,18.67,0
38379P2X,GNR 2015-87 AL,12546.88,3.5,49360,C9,AAA,102.5,0.175,USD,12860.73,0.12,3.17,10,-6.08,0.65,9.3,0
38379UH6,GNR 2016-113 Z,5475.35,3,57757,B1,AAA,81.5,0.125,USD,4462.54,0.04,3.94,21.26,6.72,0.84,21.29,0
38379UPH,GNR 2016-50 Z,11244.27,3.49,57208,B1,AAA,92.69,0.14528333,USD,10422.46,0.1,3.88,20.39,6.17,0.79,20.41,0
38379UVW,GNR 2016-85 Z,5975.84,3.52,57420,B1,AAA,93.76,0.14651583,USD,5603.09,0.05,3.85,20.53,6.28,0.77,20.55,0
38379UY8,GNR 2016-152 Z,4849.28,3.19,57937,B1,AAA,87.88,0.13291667,USD,4261.68,0.04,3.8,21.38,6.8,0.7,21.41,0
38379Y6V,GNR 2016-125 Z,7571.58,3.38,57695,B1,AAA,92.7,0.14083333,USD,7019,0.07,3.76,21.06,6.59,0.67,21.09,0
38380AT6,GNR 2016-146 MA,5461,2,53406,H2,AAA,81.2,0.16666667,USD,4434.5,0.04,3.23,17.68,-4.43,0.36,16.64,0
39136WAA,GREAT WEST LIFE & ANN IN,15000,7.15,53463,F4,BAA2,85.5,0.894125,USD,12825.89,0.12,8.5,10.92,2.03,5.55,11.04,3.14
401378AB,GUARDIAN LIFE INSURANCE,10000,4.88,60072,F9,A1,98.01,0.1625,USD,9801.16,0.09,4.98,18.16,5.5,1.91,18.18,3.96
40139LAA,GUARDIAN LIFE GLOB FUND,15000,2,44312,F9,AA2,97.44,0.36111111,USD,14616.36,0.14,2.63,4.09,0.19,0.86,4.11,1.22
404280AY,HSBC HOLDINGS PLC,25000,2.95,44341,F1,A1,99.87,0.295,USD,24967.8,0.24,2.98,4.09,0.19,1.2,4.1,1.76
404280BA,HSBC HOLDINGS PLC,30000,3.6,45071,F1,A1,100.47,0.36,USD,30141.36,0.29,3.52,5.66,0.37,1.38,5.68,2.28
406216AW,HALLIBURTON COMPANY,20000,6.7,50663,I4,BAA1,124.42,1.97277778,USD,24885.97,0.24,4.86,12.28,2.14,2.1,12.48,3.46
41284DAC,HDMOT 2016-A A3,18000,1.34,44211,A1,AAA,99.54,0.05955556,USD,17917.26,0.17,1.46,3.91,0.17,-0.24,3.91,0.08
42824CAG,HEWLETT PACKARD ENTERPRISE,10000,3.6,44119,I6,BBB,101.66,0.76,USD,10166.76,0.1,3.13,3.5,0.15,1.5,3.53,2.1
42824CAN,HEWLETT PACKARD ENTERPRISE,15000,4.4,44849,I6,BBB,104.03,0.92888889,USD,15605.43,0.15,3.62,5.05,0.3,1.59,5.1,2.51
437076AU,HOME DEPOT INC,15000,5.4,51394,IS,A2,118.95,1.59,USD,17844.09,0.17,4.14,14.03,2.73,1.3,14.22,2.41
437076BG,HOME DEPOT INC,10000,2.63,44713,IS,A2,100.38,0.21875,USD,10038.22,0.1,2.55,5.01,0.29,0.56,5.03,0.86
437076BH,HOME DEPOT INC,10000,4.25,53418,IS,A2,104.77,1.0625,USD,10478.06,0.1,3.97,16.8,3.96,0.96,16.97,2.24
438506AS,HONEYWELL INC,10000,6.63,46919,X3,A2,124.22,0.29444444,USD,12422.29,0.12,3.97,8.4,0.88,1.53,8.41,2.42
4386706E,HONOLULU CITY & CNTY,4900,3.14,48488,Y1,AA1,92.26,0.56658333,USD,4521.31,0.04,3.79,12.09,1.77,1.16,12.16,2.18
4386706F,HONOLULU CITY & CNTY,3700,3.17,48853,Y1,AA1,93.53,0.572,USD,3461.18,0.03,3.69,12.67,1.96,1.02,12.74,1.96
4386706G,HONOLULU CITY & CNTY,4500,3.22,49218,Y1,AA1,93.49,0.58102778,USD,4207.63,0.04,3.72,13.17,2.14,1.02,13.25,2
446438RN,HUNTINGTON NATIONAL BANK,10000,2,43281,F1,A3,100.03,1.00555556,USD,10004.01,0.1,1.98,1.46,0.03,0.97,1.47,0.54
44891AAE,HYUNDAI CAPITAL AMERICA,45000,2.5,43542,IN,A,100.23,0.71527778,USD,45104.22,0.43,2.39,2.13,0.06,1.14,2.15,1.53
44891AAG,HYUNDAI CAPITAL AMERICA,7000,2,43647,IN,BAA1,99.18,1.1,USD,6943.7,0.07,2.34,2.4,0.07,1.01,2.43,1.34
45138LBE,IDAHO POWER CO,7000,4.05,53387,U1,A1,97.5,1.35,USD,6826.35,0.07,4.2,16.63,3.91,1.19,16.86,2.68
455434BT,INDIANAPOLIS PWR & LIGHT,20000,4.05,53448,U1,A2,94.19,0.675,USD,18838.68,0.18,4.4,16.56,3.89,1.39,16.68,3.07
458140AN,INTEL CORP,8000,4,48563,I6,A1,102.94,0.17777778,USD,8235.38,0.08,3.75,11.77,1.71,1.12,11.79,2.03
458140AP,INTEL CORP,22200,4.25,52215,I6,A1,100.76,0.18888889,USD,22368.91,0.21,4.2,15.65,3.35,1.28,15.68,2.66
458140AS,INTEL CORP,5000,3.7,45867,I6,A1,105.34,1.56222222,USD,5268.56,0.05,2.99,7.25,0.62,0.66,7.36,1.18
458140AV,INTEL CORP,5000,4.1,53466,I6,A1,98.91,0.47833333,USD,4945.98,0.05,4.16,16.84,3.98,1.15,16.92,2.61
4581X0BL,INTER AMERICAN DEV BANK-GLOBAL,30000,3.88,43875,Y3,AAA,106.4,1.44236111,USD,31921.44,0.31,1.76,2.91,0.1,0.28,2.95,0.05
4581X0BQ,INTER AMERICAN DEV BANK-GLOBAL,15000,2.38,42962,Y3,AAA,100.71,0.89722222,USD,15107.4,0.15,1.22,0.62,0.01,0.55,0.62,0
4581X0BX,INTER-AMERICAN DEVEL BK,32500,3.2,52085,Y3,AAA,95.26,1.28,USD,30960.78,0.3,3.48,16.92,3.75,0.54,17.15,1.51
4581X0BZ,INTER AMERICAN DEV BANK,15000,0.88,43174,Y3,AAA,99.53,0.25763889,USD,14929.76,0.14,1.27,1.19,0.02,0.38,1.2,0
4581X0CC,INTER AMERICAN DEV BANK,15000,3,45203,Y3,AAA,103.53,0.725,USD,15530.23,0.15,2.43,6.07,0.42,0.23,6.11,0.47
4581X0CG,INTER AMERICAN DEV BANK,15000,1,42930,Y3,AAA,99.93,0.46388889,USD,14989.96,0.14,1.12,0.53,0.01,0.49,0.54,0
4581X0CK,INTER AMERICAN DEV BANK,20000,1.5,43368,Y3,AAA,100.2,0.4,USD,20040.4,0.19,1.38,1.7,0.04,0.29,1.71,0
45905APM,INTL BK RECON & DEV,30000,0,47743,7A,AAA,61.75,0,USD,18525,0.18,3.55,13.47,1.88,0.92,13.47,1.77
459200GJ,INTL BUSINESS MACHINES-GLOBAL,20000,5.7,42992,I6,AA3,102.99,1.69416667,USD,20599.69,0.2,1.4,0.69,0.01,0.7,0.7,0
459200HP,INTL BUSINESS MACHINES,15000,3.38,45139,I6,AA3,102.6,1.40625,USD,15391.41,0.15,2.94,5.81,0.39,0.77,5.88,1.31
459200HZ,INTL BUSINESS MACHINES,15000,1.13,43137,I6,AA3,99.76,0.453125,USD,14964.45,0.14,1.34,1.08,0.02,0.49,1.09,0
459200JC,IBM CORP,10000,2.88,44874,I6,AA3,100.53,0.41527778,USD,10053.42,0.1,2.77,5.34,0.33,0.72,5.36,1.16
459200JE,IBM CORP,20000,1.8,43602,I6,AA3,100.02,0.22,USD,20004.22,0.19,1.79,2.32,0.07,0.5,2.32,0.51
45950KBV,INTL FINANCE CORPORATION,15000,0.63,43090,Y3,AAA,99.46,0.01736111,USD,14919.02,0.14,1.18,0.97,0.01,0.37,0.97,0
45950KCA,INTL FINANCE CORPORATION,15000,1.75,43347,Y3,AAA,100.61,0.56875,USD,15092.07,0.15,1.37,1.64,0.04,0.3,1.65,0
46625HJJ,J.P. MORGAN & CO INC,5000,3.38,45047,F1,BAA1,99.54,0.5625,USD,4977.56,0.05,3.45,5.63,0.37,1.33,5.66,2.2
46625HJL,J.P. MORGAN & CO INC,15000,1.63,43235,F1,A3,99.86,0.20763889,USD,14979.21,0.14,1.73,1.35,0.03,0.77,1.35,0.05
46625HKC,J.P. MORGAN & CO INC,10000,3.13,45680,F1,A3,97.63,1.37152778,USD,9764.37,0.09,3.46,6.96,0.56,1.16,7.05,2.02
46625HRL,JPMORGAN CHASE & CO,10000,2.7,45064,F1,A3,97.73,0.3225,USD,9773.32,0.09,3.09,5.79,0.38,0.95,5.81,1.61
46642EAY,JPMBB 2014-C21 A5,5000,3.77,45458,B1,AAA,104.62,0.31456667,USD,5231.31,0.05,3.1,6.42,0.48,0.84,6.44,1.47
46849LSL,JACKSON NATL LIFE GLOBAL,10000,1.88,43388,F4,A1,100.19,0.39583333,USD,10019.4,0.1,1.76,1.75,0.04,0.65,1.75,0.41
46849LSP,JACKSON NATL LIFE GLOBAL,20000,2.25,44315,F4,A1,98.53,0.3875,USD,19706.39,0.19,2.61,4.08,0.19,0.84,4.1,1.18
47788NAC,JDOT 2016-B A3,6785,1.25,43997,A6,AAA,99.51,0.05555556,USD,6751.81,0.06,1.4,3.36,0.13,-0.16,3.36,0.08
478160BV,JOHNSON & JOHNSON,15000,3.7,53387,IZ,AAA,98.32,1.23333333,USD,14749.23,0.14,3.79,17.43,4.19,0.77,17.65,2.01
49151E4L,KY PPTY BLDG-BABS,2000,5.56,44866,M0,AA3,111.33,0.92683333,USD,2227.53,0.02,3.4,4.99,0.3,1.38,5.03,2.11
494368AS,KIMBERLY CLARK,20000,6.38,46753,IW,A2,124.98,3.1875,USD,24999.19,0.24,3.6,8.07,0.82,1.18,8.27,1.89
494368BR,KIMBERLY CLARK,10000,3.05,45884,IW,A2,99.83,1.15222222,USD,9984.15,0.1,3.07,7.45,0.64,0.73,7.53,1.32
494368BV,KIMBERLY CLARK,15000,3.2,53538,IW,A2,86.76,1.35111111,USD,13015.35,0.13,3.96,17.87,4.4,0.91,18.14,2.42
540424AR,LOEWS CORP,10000,4.13,52366,F9,A3,95.75,0.52708333,USD,9575.53,0.09,4.4,15.65,3.38,1.46,15.73,3.04
548661CL,LOWE'S COMPANIES INC,20000,5.8,49963,IS,A3,120.98,1.22444444,USD,24197.22,0.23,4.22,12.38,2.07,1.5,12.51,2.57
548661DH,LOWE'S COS INC,5000,3.38,45915,IS,A3,101.58,0.99375,USD,5079.99,0.05,3.16,7.44,0.64,0.82,7.51,1.46
553514AC,MSBAM 2012-CKSV A2,15000,3.28,44849,B1,AAA,98.75,0.14564444,USD,14812.65,0.14,3.54,5.18,0.31,1.5,5.19,2.47
55608PAM,MACQUARIE BANK LTD,10000,2.4,43851,F1,A2,99.04,1.06666667,USD,9905.07,0.1,2.73,2.9,0.1,1.27,2.93,1.66
55616XAN,MACYS RETAIL HLDGS INC,10000,3.45,44211,IS,BAA2,102.29,1.59083333,USD,10230.59,0.1,2.84,3.7,0.16,1.15,3.76,1.6
563469TZ,MANITOBA PROV CANADA,15000,1.13,43252,Y1,AA2,99.54,0.09375,USD,14931.09,0.14,1.45,1.4,0.03,0.48,1.4,0
563469UD,MANITOBA PROV CANADA,15000,3.05,45426,Y1,AA2,101.78,0.39819444,USD,15267.4,0.15,2.78,6.55,0.49,0.52,6.58,0.97
575634AT,MASSACHUSETTS ELECTRIC,40000,4,53554,U1,A3,95.81,1.62384444,USD,38325.62,0.37,4.25,16.69,3.97,1.23,16.98,2.79
575718AA,MASS INSTITUTE OF TECH,5000,5.6,77186,X1,AAA,120.89,2.8,USD,6047.3,0.06,4.62,20.71,8.33,1.5,21.19,3
575767AK,MASS MUTUAL LIFE INS CO,10000,4.5,60372,F4,A1,91.51,0.95,USD,9151.95,0.09,4.96,18.35,5.68,1.88,18.54,4.09
57629WBW,MASSMUTUAL GLOBAL FUNDIN,15000,2.45,44158,F4,AA2,99.9,0.25861111,USD,14985.26,0.14,2.48,3.69,0.16,0.82,3.7,1.04
57629WBY,MASSMUTUAL GLOBAL FUNDIN,40000,2,44301,F4,AA2,97.4,0.42222222,USD,38960.42,0.37,2.64,4.06,0.19,0.89,4.08,1.25
57636QAH,MASTERCARD INC,13000,3.8,53652,IT,A2,97.81,0.42222222,USD,12715.72,0.12,3.92,17.55,4.27,0.89,17.63,2.22
585055BS,MEDTRONIC INC,10000,3.5,45731,IY,A3,102.84,1.03055556,USD,10285.03,0.1,3.1,7.04,0.58,0.8,7.11,1.4
586054AC,MEMORIAL SLOAN-KETTERING,18000,4.2,56796,IY,AA3,96.8,2.1,USD,17426.1,0.17,4.37,18.3,5.18,1.31,18.7,2.98
58769AAE,MBLT15-B A4,15200,1.53,43115,A1,AAA,100.14,0.1275,USD,15221.41,0.15,1.07,0.55,-0.11,0.36,0.57,0
58933YAT,MERCK & CO.,10000,3.7,53003,IZ,A1,95.15,1.44916667,USD,9516.45,0.09,3.99,16.83,3.91,0.99,17.08,2.36
59156RAP,METLIFE INC,15000,6.4,50024,F4,BAA2,108,0.28444444,USD,16200.28,0.16,5.72,11.51,1.85,3,11.54,4.96
59156RBQ,METLIFE INC,5000,3.6,45974,F4,A3,101.54,0.48,USD,5077.48,0.05,3.4,7.52,0.66,1.04,7.56,1.82
59217GAX,MET LIFE GLOB FUNDING I,10000,3,44936,F9,AA3,100.34,1.425,USD,10035.43,0.1,2.94,5.4,0.34,0.86,5.48,1.4
59217GBR,MET LIFE GLOB FUNDING I,16000,2.5,44168,F9,AA3,99.96,0.19444444,USD,15993.79,0.15,2.51,3.71,0.16,0.84,3.72,1.09
59259NS9,MET TRANS-A-REF,5000,0,48533,M2,AA,57.59,0,USD,2879.5,0.03,3.51,15.6,2.51,0.79,15.6,1.61
59259Y5H,MET TRAN AUTH-B,5000,4,53281,M2,A2,100.56,0.51111111,USD,5028.51,0.05,3.97,16.99,4,0.96,17.07,2.27
59259YDC,MET TRN-BABS-TXB-TR,5760,6.69,51455,M2,A1,134.38,0.85445,USD,7741.14,0.07,4.35,13.44,2.55,1.53,13.53,2.63
59259YE5,MTA-C-TRANSN,3000,5,52185,M2,A2,109.56,0.63888889,USD,3287.44,0.03,4.38,14.89,3.1,1.48,14.98,2.84
59259YM6,MET TRANSPRTN-E,5000,5,50724,M2,A2,110.68,0.63888889,USD,5534.64,0.05,4.24,13.62,2.5,1.45,13.7,2.65
59259YWG,MET TRANS AUTH-H,1900,3.63,50359,M2,A2,99.06,0.46319444,USD,1882.6,0.02,3.69,14.45,2.66,0.89,14.51,1.87
594918AD,MICROSOFT CORP,15000,5.2,50922,I6,AAA,117.04,0.43333333,USD,17556.43,0.17,4.04,13.88,2.6,1.23,13.93,2.28
594918AR,MICROSOFT CORP,10000,3.5,52185,I6,AAA,91.11,0.44722222,USD,9111.45,0.09,4.06,16.36,3.58,1.12,16.44,2.53
594918AX,MICROSOFT CORP,10000,4.88,52580,I6,AAA,110.79,0.21666667,USD,11079.22,0.11,4.2,15.53,3.37,1.27,15.55,2.55
594918BB,MICROSOFT CORP,5000,2.7,45700,I6,AAA,97.85,1.0425,USD,4893.54,0.05,3,7.15,0.59,0.68,7.23,1.25
594918BL,MICROSOFT CORP,5000,4.45,53269,I6,AAA,106.32,0.71694444,USD,5316.72,0.05,4.07,16.46,3.81,1.08,16.57,2.39
594918BN,MICROSOFT CORP,10000,1.1,43685,I6,AAA,98.61,0.43694444,USD,9861.44,0.09,1.65,2.54,0.08,0.3,2.56,0.16
594918BP,MICROSOFT CORP,10000,1.55,44416,I6,AAA,96.9,0.61569444,USD,9690.62,0.09,2.26,4.38,0.22,0.42,4.41,0.55
59524EAB,Mid-Atlantic Military Co,14406.07,5.24,55001,F6,AA3,104.58,2.18333333,USD,15068.05,0.14,4.96,15.78,3.86,1.93,16.11,3.78
595620AG,MIDAMERICAN ENERGY CO-GLOBAL,10000,5.95,42931,U1,AA2,102.51,2.74361111,USD,10253.74,0.1,1.25,0.52,0.01,0.61,0.54,0
59562EAH,MIDAMERICAN ENERGY CO,20000,5.8,49963,U1,AA2,120.82,2.19111111,USD,24166.19,0.23,4.23,12.28,2.05,1.51,12.51,2.58
61166WAV,MONSANTO CO,12000,3.95,53067,IA,A3,87.57,0.83388889,USD,10509.23,0.1,4.75,15.94,3.62,1.76,16.1,3.79
61746BCY,MORGAN STANLEY,15000,6.25,46243,F1,A3,119.34,2.46527778,USD,17903.47,0.17,3.82,7.29,0.66,1.46,7.45,2.34
61746BDX,MORGAN STANLEY,5000,2.45,43497,F1,A3,100.65,1.02083333,USD,5033.52,0.05,2.13,2.01,0.05,0.91,2.03,1.11
61746BEA,MORGAN STANLEY,10000,2.5,44307,F1,A3,98.83,0.48611111,USD,9883.49,0.09,2.79,4.03,0.19,1.03,4.05,1.48
61747WAF,MORGAN STANLEY DEAN WITTER,20000,5.75,44221,F1,A3,110.87,2.49166667,USD,22176.49,0.21,2.89,3.58,0.16,1.21,3.66,1.65
61747YCM,MORGAN STANLEY,10000,5.5,43856,F1,A3,108.35,2.36805556,USD,10837.37,0.1,2.65,2.78,0.1,1.19,2.84,1.48
61763KAX,MSBAM 2014-C15 A2,6000,2.98,43539,B1,AAA,101.93,0.1324,USD,6115.93,0.06,2.09,2.12,0.06,0.85,2.12,0.89
61980AAC,MOTIVA ENTERPRISES LLC,15000,5.75,43845,I4,A2,108,2.65138889,USD,16202.65,0.16,2.97,2.74,0.09,1.53,2.8,2.01
61980AAD,MOTIVA ENTERPRISES LLC,10000,6.85,51150,I4,A2,120.71,3.15861111,USD,12074.16,0.12,5.28,12.24,2.2,2.49,12.56,4.09
62718QAA,MURRAY STREET INVEST TRUST I,10000,4.65,42803,F1,A3,100.52,0.38725,USD,10052.39,0.1,1.85,0.19,0,1.35,0.19,1.49
62952EAC,NYU HOSPITALS CENTER,11000,4.78,52779,IY,A3,104.07,2.392,USD,11450.09,0.11,4.52,15.12,3.3,1.57,15.47,3.13
635405AM,NATIONAL CITY CORP,10000,6.88,43600,F1,A3,110.03,0.87847222,USD,11003.88,0.11,2.49,2.2,0.06,1.22,2.21,1.59
63618EAM,NATIONAL FUEL GAS CO,10000,7.4,45015,U2,BAA1,114.21,1.2325,USD,11422.23,0.11,4.74,5.03,0.31,2.67,5.08,4.06
637432KT,NATIONAL RURAL UTILS CFC,5000,5.45,43132,U1,A1,104.28,2.27083333,USD,5216.27,0.05,1.45,1.04,0.02,0.6,1.06,0
637432NH,NATIONAL RURAL UTIL COOP,10000,1.65,43504,U1,A1,99.87,0.65541667,USD,9987.66,0.1,1.71,2.05,0.05,0.49,2.06,0.44
642869AC,NEW BRUNSWICK PROV CDA-GLOBAL,15000,2.75,43266,Y1,AA2,101.73,0.12222222,USD,15259.62,0.15,1.54,1.43,0.03,0.56,1.43,0
646136XD,NJ ST TRANSN TR FD,20000,0,46371,M0,A1,64.12,0,USD,12824,0.12,4.51,9.74,1,2.02,9.74,3.73
649322AA,NY & PRESBYTERIAN HOSPIT,5000,4.02,53175,IY,AA3,96.86,1.67666667,USD,4844.68,0.05,4.21,16.41,3.8,1.22,16.7,2.71
649322AD,NEW YORK AND PRESBYTERIAN H,10000,4.06,57193,IY,AA3,93.34,2.06535833,USD,9336.07,0.09,4.42,18.52,5.35,1.35,18.94,3.12
64952WBW,NEW YORK LIFE GLOBAL FDG,5000,1.45,43084,F4,AAA,100.09,0.06444444,USD,5004.56,0.05,1.35,0.95,0.01,0.55,0.95,0
64952WCB,NEW YORK LIFE GLOBAL FDG,7000,1.55,43406,F4,AAA,99.69,0.25402778,USD,6978.55,0.07,1.72,1.8,0.04,0.59,1.81,0.36
64952WCE,NEW YORK LIFE GLOBAL FDG,10000,2,44299,F4,AAA,98.09,0.43333333,USD,9809.43,0.09,2.47,4.06,0.19,0.71,4.08,0.96
64952WCH,NEW YORK LIFE GLOBAL FDG,5000,2.35,46217,F4,AAA,93.05,1.09013889,USD,4653.59,0.04,3.2,8.33,0.79,0.78,8.42,1.48
64966H4L,NYC,10000,5.82,48122,M2,AA2,111.23,1.45425,USD,11124.45,0.11,4.75,10,1.3,2.19,10.13,3.55
64966HMT,NYC SER A2,17750,5.68,49218,M2,AA2,108.87,1.419,USD,19325.84,0.19,4.92,11.27,1.71,2.26,11.42,3.77
64966HYM,NEW YORK N Y,15815,5.97,49735,M2,AA2,125.7,1.98933333,USD,19881.44,0.19,4.03,12.09,1.97,1.32,12.29,2.26
64966HYX,NEW YORK N Y,5000,6.25,49461,M2,AA2,112.41,0.5205,USD,5621.02,0.05,5.19,11.29,1.73,2.51,11.33,4.12
64966J2L,NYC-SUBSER A-1,5000,3.13,48853,M2,AA2,93.19,0.78125,USD,4660.28,0.04,3.67,12.68,1.96,1,12.78,1.94
64966K3S,NYC-D-1,3000,5,48792,M2,AA2,112.29,2.08333333,USD,3370.78,0.03,3.98,11.35,1.67,1.35,11.56,2.31
64966KQV,NYC-F-1,15000,3.5,50465,M2,AA2,96.23,1.16666667,USD,14435.67,0.14,3.76,14.54,2.72,0.95,14.72,2
64966KYY,NEW YORK CITY-J,6000,5,45870,M2,AA2,116.12,2.08333333,USD,6969.28,0.07,2.87,6.99,0.59,0.55,7.11,0.97
64966TEP,NYC HSG DEV-MTG,5000,4.56,46966,M2,AA1,102.93,1.9,USD,5148.4,0.05,4.24,8.82,0.96,1.77,8.98,2.97
64971GKH,NEW YORK CITY NY MUNI,5000,3.63,49841,M2,AA2,101.73,0.16111111,USD,5086.66,0.05,3.5,13.91,2.43,0.75,13.93,1.56
64971M4N,NYC FIN AUTH,8000,5.81,47696,M2,AA1,111.28,2.42,USD,8904.82,0.09,4.67,9.39,1.14,2.15,9.59,3.48
64971Q8H,NYC TRANSTNL FIN-A-1,10000,4.25,48884,M2,AA1,109.4,0.70833333,USD,10940.71,0.11,3.5,12.14,1.84,0.85,12.22,1.58
64971QVJ,NYC TRANS FIN-F1,5000,5,50891,M2,AA1,110.28,0.83333333,USD,5514.83,0.05,4.28,13.74,2.56,1.47,13.84,2.71
64971WEQ,NYC TRANS FIN AUTH-D1,5000,4.2,51533,M2,AA1,103.4,1.75,USD,5171.75,0.05,3.98,14.98,3.04,1.11,15.23,2.28
64972B8M,NYC HSG DEV-C1A,6000,4.2,52902,M2,AA2,101.86,0.7,USD,6112.3,0.06,4.09,16.33,3.7,1.11,16.44,2.45
64972BJ3,NYC HSG-L-2-A,3500,4,52718,M2,AA2,99.5,0.66666667,USD,3483.17,0.03,4.03,16.4,3.69,1.07,16.51,2.39
64972F7H,NYC MUN WTR/SWR-FF,10000,4,53128,M2,AA2,100.24,0.17777778,USD,10024.18,0.1,3.99,16.89,3.93,0.99,16.92,2.3
64972FT4,NYC MUN WTR FIN -BABS,7500,6.12,52032,M2,AA2,111.92,0.27217778,USD,8394.27,0.08,5.27,13.48,2.64,2.4,13.52,4.17
64972FT5,NEW YORK N Y CITY MUN WTR FIN,15000,5.79,51667,M2,AA1,110.46,0.25733333,USD,16569.26,0.16,5.04,13.55,2.61,2.19,13.58,3.85
64972FY2,NEW YORK N Y CITY MUN WTR FIN,10000,6.28,52032,M2,AA1,114.2,0.2792,USD,11420.28,0.11,5.26,13.42,2.62,2.4,13.45,4.13
64972GBA,NYC MUNI WTR-BB,15000,4,53858,M2,AA2,100.16,0.17777778,USD,15024.18,0.14,3.99,17.5,4.29,0.95,17.53,2.31
64972GCD,NYC MUN WTR FIN-EE,6000,4.25,53858,M2,AA2,102.72,0.18888889,USD,6163.39,0.06,4.09,17.16,4.16,1.06,17.19,2.45
64972HTX,NYC TRANS FIN AUTH-S1,9500,4,52062,M2,AA3,102.29,1.84444444,USD,9719.39,0.09,3.86,15.75,3.38,0.94,16.04,2.09
64972HVL,NYC TRANS FIN AUTH-S1,5000,3.13,48410,M2,AA2,96.59,1.44097222,USD,4830.94,0.05,3.41,11.98,1.74,0.78,12.15,1.51
64986UP5,NY HSG FIN AGY-B,6000,4.2,52902,M2,AA2,101.38,0.7,USD,6083.5,0.06,4.12,16.3,3.69,1.14,16.41,2.5
64986UTJ,NY HSG FIN AGY-E,3355,3.75,55093,M2,AA2,92.76,0.625,USD,3112.72,0.03,4.15,18.17,4.75,1.1,18.29,2.66
6499024H,NY DORM AUTH-A,5000,4.5,49749,M2,AAA,106.44,1.325,USD,5323.33,0.05,4.01,12.85,2.15,1.28,13.01,2.36
649902UK,NY DORM HLTHCARE-A,6500,5,50479,M2,AAA,108,1.47222222,USD,7021.47,0.07,4.41,13.16,2.35,1.63,13.34,2.95
64990ABZ,NY DORM AUTH-A,6800,3,48653,M2,AA1,96.5,0.88333333,USD,6562.88,0.06,3.28,12.56,1.9,0.62,12.68,1.27
64990EKW,NY DORM-A,3000,5,52277,M2,AAA,109.97,1.88888889,USD,3300.99,0.03,4.36,14.82,3.11,1.45,15.07,2.8
64990ETX,NY DORM AUTH-E-UNREF,5000,4.25,51728,M2,AA1,102.27,1.60555556,USD,5115.11,0.05,4.1,15.06,3.1,1.22,15.29,2.49
654106AD,NIKE INC,5000,3.63,52352,IU,A1,93.97,0.60416667,USD,4699.1,0.05,4,16.43,3.64,1.05,16.53,2.39
654106AE,NIKE INC,4040,3.88,53267,IS,A1,98.36,0.64583333,USD,3974.39,0.04,3.97,17.06,4.03,0.96,17.16,2.3
654106AG,NIKE INC,25000,3.38,53632,IS,A1,90.1,0.65625,USD,22525.66,0.22,3.94,17.92,4.41,0.89,18.03,2.34
654740AL,NISSAN MOTOR ACCEPTANCE,30000,2,43532,IN,A3,99.74,0.62777778,USD,29922.63,0.29,2.12,2.12,0.06,0.88,2.13,1.1
656836AB,NORTH AMERICAN DEVELOPMENT BK,15000,2.4,44860,Y3,AA1,96.96,0.43333333,USD,14544.43,0.14,2.97,5.36,0.33,0.91,5.38,1.49
665501AG,NORTHERN NAT GAS,15000,5.8,50086,I4,A2,116.42,2.19111111,USD,17465.19,0.17,4.54,12.24,2.06,1.81,12.47,3.08
665772BN,NORTHERN STATES PWR MINN,17410,7.13,45839,U1,A1,128.96,3.5625,USD,22455.5,0.22,3.2,6.51,0.53,0.92,6.68,1.47
665772BQ,NORTHERN STATES PWR MINN,20000,6.5,46813,U1,A1,122.8,2.16666667,USD,24562.17,0.24,3.95,8.14,0.84,1.52,8.29,2.41
665772CC,NORTHERN STATES PWR MINN,10000,6.2,50222,U1,AA3,129.64,3.1,USD,12967.1,0.12,4.06,12.42,2.12,1.31,12.71,2.26
665772CP,NORTHERN STATES PWR-MINN,20000,3.6,53462,U1,AA3,94.46,0.46,USD,18892.46,0.18,3.92,17.59,4.25,0.89,17.68,2.25
66989HAH,NOVARTIS CAPITAL CORP,10000,4.4,52723,IZ,AA3,107.63,0.67222222,USD,10763.67,0.1,3.94,16.17,3.61,0.99,16.27,2.17
66989HAJ,NOVARTIS CAPITAL CORP,10000,3,45981,IZ,AA3,99.16,0.34166667,USD,9916.34,0.1,3.11,7.72,0.68,0.75,7.74,1.36
66989HAK,NOVARTIS CAPITAL CORP,20000,4,53286,IZ,AA3,100.71,0.45555556,USD,20142.46,0.19,3.96,17.01,4.01,0.95,17.09,2.25
672319CF,OAKLAND PENSN-TXBL,1275,4.68,46006,M0,A1,104.55,0.20782222,USD,1333.22,0.01,4.05,7.14,0.61,1.72,7.15,2.85
674599CF,OCCIDENTAL PETROLEUM,5000,4.63,53128,I2,A3,103.85,0.20555556,USD,5192.71,0.05,4.39,15.96,3.61,1.41,15.98,2.91
674599CJ,OCCIDENTAL PETROLEUM,15000,4.4,53432,I3,A3,101.56,0.92888889,USD,15234.93,0.15,4.3,16.34,3.8,1.3,16.49,2.8
674599CL,OCCIDENTAL PETROLEUM COR,15000,4.1,53738,I3,A3,97.2,0.615,USD,14580.62,0.14,4.26,16.92,4.06,1.23,17.02,2.79
677050AJ,OGLETHORPE POWER CORP,10000,4.2,52201,U1,BAA1,94.92,0.35,USD,9492.35,0.09,4.53,15.35,3.26,1.61,15.41,3.28
678858BC,OKLAHOMA GAS & ELECTRIC,10000,6.5,46858,U1,A2,118,1.37222222,USD,11801.37,0.11,4.45,8.18,0.84,2.02,8.27,3.18
68275CAC,FB 2005-1 A3,15000,5.28,49531,B1,AAA,112.47,0.30788333,USD,16870.81,0.16,4.34,12.02,1.92,1.64,12.05,2.06
6832348D,ONTARIO PROV CANADA-GLOBAL,15000,4,43745,Y1,AA2,105.61,0.93333333,USD,15842.43,0.15,1.91,2.61,0.08,0.52,2.63,0.48
683234C6,ONTARIO PROV CANADA,10000,2.5,44449,Y1,AA2,100.68,0.77083333,USD,10068.77,0.1,2.35,4.38,0.22,0.49,4.41,0.67
68323ABK,ONTARIO PROV CANADA-GLOBAL,15000,2.45,44741,Y1,AA2,99.83,0.01361111,USD,14974.51,0.14,2.48,5.11,0.3,0.48,5.11,0.74
68389XAH,ORACLE CORP,15000,6.13,50959,I6,A1,125.63,2.94340278,USD,18847.44,0.18,4.33,13.02,2.38,1.54,13.32,2.66
68389XAN,ORACLE CORP,10000,1.2,43023,I6,A1,100.02,0.25333333,USD,10002.25,0.1,1.17,0.78,0.01,0.44,0.79,0
68389XAP,ORACLE CORP,10000,2.5,44849,I6,A1,98.82,0.52777778,USD,9882.53,0.09,2.72,5.33,0.32,0.67,5.35,1.08
68389XBF,ORACLE CORP,14000,4.13,53097,I6,A1,96.72,0.52708333,USD,13541.33,0.13,4.33,16.33,3.74,1.34,16.41,2.9
68389XBL,ORACLE CORP,10000,2.4,45184,I6,A1,96.77,1.16,USD,9678.16,0.09,2.93,6.07,0.42,0.74,6.14,1.31
692160JX,OYSTER BAY-B,3000,4,46692,M2,A2,101.99,0.66666667,USD,3060.37,0.03,3.77,8.7,0.9,1.32,8.75,2.28
69353REU,PNC BANK NA,5000,2.45,44140,F1,A2,100.11,0.38111111,USD,5005.88,0.05,2.42,3.64,0.15,0.77,3.65,0.95
69353REV,PNC BANK NA,20000,1.95,43528,F1,A2,100.07,0.63375,USD,20014.63,0.19,1.91,2.11,0.06,0.68,2.12,0.77
69353REW,PNC BANK NA,35000,2.15,44315,F1,A2,98.59,0.37027778,USD,34506.87,0.33,2.49,4.09,0.19,0.73,4.11,0.99
69353REX,PNC BANK NA,10000,1.45,43675,F1,A2,98.6,0.61222222,USD,9860.61,0.09,2.01,2.5,0.08,0.67,2.52,0.77
694308HL,PACIFIC GAS & ELECTRIC CO,10000,4.3,53036,U1,A3,102.07,1.26611111,USD,10208.27,0.1,4.17,16.19,3.69,1.19,16.4,2.59
694308HP,PACIFIC GAS & ELECTRIC,15000,2.95,46082,U1,A3,97.83,0.98333333,USD,14675.48,0.14,3.22,7.88,0.72,0.84,7.96,1.53
694308HR,PACIFIC GAS & ELECTRIC CO,7000,4,53662,U1,A3,98.41,0.33333333,USD,6889.03,0.07,4.09,17.19,4.14,1.06,17.25,2.49
713448BH,PEPSICO INC,15000,5,43252,IX,A1,105,0.41666667,USD,15750.42,0.15,1.42,1.37,0.03,0.45,1.38,0
713448CC,PEPSICO INC,10000,3.6,52091,IX,A1,93.04,1.38,USD,9305.38,0.09,4.04,16.02,3.47,1.11,16.26,2.48
713448DD,PEPSICO INC,20000,4.45,53431,IX,A1,106.29,0.95180556,USD,21258.95,0.2,4.08,16.55,3.88,1.08,16.7,2.39
713448DP,PEPSICO INC,20000,3.45,53606,IX,A1,90.9,0.81458333,USD,18180.81,0.17,3.97,17.74,4.35,0.93,17.9,2.38
71713UAQ,PHARMACIA CORP,20000,6.5,43435,IZ,A1,108.92,0.54166667,USD,21784.54,0.21,1.74,1.82,0.04,0.59,1.82,0.44
718172BR,PHILIP MORRIS INTL INC,10000,1.38,43521,I1,A2,98.92,0.48125,USD,9892.48,0.1,1.89,2.1,0.05,0.66,2.11,0.73
718172BU,PHILIP MORRIS INTL INC,10000,2.13,45056,I1,A2,95.24,0.30104167,USD,9524.3,0.09,2.95,5.87,0.39,0.8,5.89,1.39
720186AK,PIEDMONT NATURAL GAS CO,12000,3.64,53632,X2,A2,88.09,1.547,USD,10572.35,0.1,4.36,16.97,4.09,1.31,17.27,3.09
73358WJA,PORT AUTH N Y & N J,7800,4.46,59445,M2,AA3,101.14,1.1145,USD,7890.03,0.08,4.4,19.37,6.05,1.32,19.58,2.96
73358WRQ,PORT AUTH N Y & N J,5000,5.31,53540,M2,AA3,107.97,2.2125,USD,5400.71,0.05,4.8,15.09,3.4,1.81,15.4,3.5
74005PBP,PRAXAIR INC,6000,2.25,44098,IA,A2,99.7,0.60625,USD,5982.61,0.06,2.33,3.54,0.15,0.71,3.56,0.83
74005PBQ,PRAXAIR INC,5000,3.2,46052,IA,A2,100.21,1.34222222,USD,5011.84,0.05,3.17,7.73,0.7,0.8,7.83,1.44
740816AN,PRES & FELLOWS OF HARVAR,10000,3.3,57176,X1,AAA,87.72,0.715,USD,8772.72,0.08,3.91,20.59,6.27,0.82,20.76,2.34
74256LAR,PRINCIPAL LFE GLB FND II,10000,1.5,43573,F4,A1,98.72,0.30416667,USD,9872.3,0.09,2.07,2.24,0.06,0.8,2.25,1
742651DK,PRIVATE EXPORT FUNDING,15000,2.25,43084,OA,AAA,101.12,0.1,USD,15168.1,0.15,1.06,0.95,0.01,0.26,0.95,0
742651DM,PRIVATE EXPORT FUNDING,7500,2.8,44696,OA,AAA,101.99,0.35777778,USD,7649.61,0.07,2.4,4.96,0.28,0.42,4.97,0.63
742651DP,PRIVATE EXPORT FUNDING,15000,2.45,45488,F3,AAA,97.29,1.12972222,USD,14594.63,0.14,2.85,6.75,0.52,0.57,6.82,1.07
742651DR,PRIVATE EXPORT FUNDING,15000,2.05,44880,OA,AAA,98.44,0.26194444,USD,14766.26,0.14,2.33,5.48,0.34,0.27,5.5,0.44
743315AQ,PROGRESSIVE CORP,15000,3.7,52988,F9,A2,93.13,1.59305556,USD,13971.09,0.13,4.11,16.65,3.86,1.12,16.94,2.6
743315AR,PROGRESSIVE CORP,7000,2.45,46402,F9,A2,92.92,0.8575,USD,6505.26,0.06,3.28,8.69,0.86,0.84,8.77,1.58
74368CAB,PROTECTIVE LIFE GLOBAL,15000,1.72,43570,F3,A2,99.18,0.36353333,USD,14877.36,0.14,2.09,2.23,0.06,0.82,2.23,1.03
74432QAK,PRUDENTIAL FINANCIAL INC,20000,5.9,49751,F4,BAA1,118.08,1.73722222,USD,23617.74,0.23,4.48,11.93,1.93,1.78,12.11,2.99
74432QAY,PRUDENTIAL FINANCIAL INC,15000,6.1,42901,F4,BAA1,102.14,0.27111111,USD,15321.27,0.15,1.37,0.46,0,0.77,0.46,0.14
744448CM,PUB SVC CO OF COLORADO,5000,3.55,53493,U1,A1,92.77,0.15777778,USD,4638.66,0.04,3.97,17.67,4.28,0.93,17.7,2.35
74456QAR,PUB SVC ELECTRIC + GAS,10000,5.8,50161,U1,AA3,123.71,0.96666667,USD,12371.97,0.12,4.07,12.71,2.17,1.33,12.81,2.32
74456QBC,PUB SVC ELECTRIC + GAS,10000,2.38,45061,U1,AA3,97.63,0.30347222,USD,9763.3,0.09,2.78,5.85,0.39,0.64,5.87,1.1
74456QBM,PUBLIC SERVICE ELEC & GAS,10000,4.05,53083,U1,AA3,99.93,0.675,USD,9993.68,0.1,4.05,16.65,3.85,1.06,16.76,2.42
74456QBQ,PUBLIC SERVICE ELECTRIC,35000,3.8,53387,U1,AA3,96.84,1.26666667,USD,33895.27,0.33,3.98,17.11,4.08,0.96,17.34,2.33
74456QBR,PUBLIC SERVICE ELECTRIC,7000,2.25,46280,U1,AA3,92.65,0.675,USD,6486.18,0.06,3.13,8.53,0.83,0.7,8.6,1.36
745332CG,PUGET SOUND ENERGY INC,15000,4.3,53102,U1,A2,103.74,0.48972222,USD,15561.49,0.15,4.08,16.47,3.78,1.09,16.55,2.41
747525AF,QUALCOMM INC,5000,3.45,45797,I6,A1,101.62,0.39291667,USD,5081.39,0.05,3.23,7.22,0.6,0.9,7.25,1.59
747525AK,QUALCOMM INC,15000,4.8,53102,I6,A1,106.65,0.54666667,USD,15998.05,0.15,4.39,15.77,3.54,1.42,15.85,2.88
748148RU,QUEBEC PROV CANADA-GLOBAL,15000,3.5,44041,Y1,AA2,105.06,1.47777778,USD,15760.48,0.15,2.03,3.32,0.13,0.45,3.37,0.36
748149AH,QUEBEC (PROVINCE OF),15000,2.88,45581,Y1,AA2,100.38,0.59895833,USD,15057.6,0.14,2.82,6.9,0.54,0.53,6.94,0.99
76116EGK,RFCO STRIPS,15000,0,46402,2A,AAA,74.28,0,USD,11142,0.11,2.98,9.89,1.03,0.49,9.9,1.01
771196BK,ROCHE HOLDING INC,15000,2.63,46157,IY,A1,96.05,0.33541667,USD,14407.84,0.14,3.11,8.19,0.77,0.71,8.22,1.34
773903AB,ROCKWELL INTL,12000,6.7,46767,X3,A3,127.86,3.08944444,USD,15346.29,0.15,3.62,8.03,0.82,1.19,8.23,1.9
778296AA,ROSS STORES INC,9000,3.38,45550,IS,A3,100.64,0.99375,USD,9058.59,0.09,3.28,6.68,0.52,1,6.74,1.74
78012KNL,ROYAL BANK OF CANADA,40000,1.63,43570,F1,AA3,99.33,0.34305556,USD,39732.34,0.38,1.92,2.23,0.06,0.66,2.24,0.76
78012KRL,ROYAL BANK OF CANADA,10000,1.23,43675,F1,AA3,99.94,0.21209167,USD,9994.21,0.1,1.26,2.52,0.08,-0.09,2.53,0.01
78355HKA,RYDER SYSTEM,10000,2.88,44075,I9,BAA1,101.01,0.95833333,USD,10101.96,0.1,2.58,3.43,0.14,0.98,3.47,1.24
78408LAC,JOHNSON (S.C.) & SON INC,10000,4.35,52870,X1,A-,100.24,1.09958333,USD,10025.1,0.1,4.33,15.87,3.55,1.37,16.04,2.87
78409VAK,S&P GLOBAL INC,7000,4.4,46068,IO,BAA1,105.64,1.66222222,USD,7396.46,0.07,3.66,7.41,0.66,1.31,7.52,2.21
80283LAK,SANTANDER UK PLC,50000,2.5,43538,F1,AA3,100.55,0.74305556,USD,50275.74,0.48,2.24,2.12,0.06,1,2.14,1.29
80589MAB,SCANA CORPORATION,10000,6.25,43922,U1,BAA3,107.84,1.5625,USD,10785.56,0.1,3.66,2.91,0.1,2.17,2.95,3
806851AB,SCHLUMBERGER HLDGS CORP,10000,2.35,43455,I4,A2,100.8,0.06527778,USD,10080.07,0.1,1.93,1.92,0.05,0.75,1.92,0.77
806851AC,SCHLUMBERGER HLDGS CORP,10000,3,44186,I4,A2,102.04,0.08333333,USD,10204.08,0.1,2.46,3.73,0.16,0.78,3.73,0.99
806851AE,SCHLUMBERGER HLDGS CORP,20000,3.63,44916,I4,A2,103.53,0.10069444,USD,20706.1,0.2,2.97,5.35,0.33,0.91,5.36,1.46
822582BQ,SHELL INTERNATIONAL FIN,30000,4,53457,I3,AA2,95.43,0.56666667,USD,28629.57,0.28,4.27,16.78,3.96,1.26,16.88,2.83
82620KAM,SIEMENS FINANCIERINGSMAT,40000,3.3,53585,X3,A1,86.87,0.97166667,USD,34748.97,0.33,4.06,17.75,4.36,1.01,17.95,2.6
828807CD,SIMON PROPERTY GROUP INC,10000,5.65,43862,F5,A2,109.3,2.35416667,USD,10932.35,0.11,2.49,2.79,0.1,1.04,2.85,1.24
828807CX,SIMON PROPERTY GROUP LP,5000,2.5,44392,F5,A2,100.01,1.15277778,USD,5001.65,0.05,2.5,4.22,0.21,0.68,4.27,0.95
830505AR,SKANDINAVISKA ENSKILDA,50000,2.63,44270,F1,AA3,100.02,0.77291667,USD,50010.77,0.48,2.62,3.93,0.18,0.88,3.96,1.22
83368RAG,SOCIETE GENERALE,20000,2.5,44294,F1,A2,99.06,0.57638889,USD,19812.58,0.19,2.73,4,0.19,0.98,4.02,1.39
837004CG,SOUTH CAROLINA E + G,10000,4.6,52397,U1,A3,104.91,0.20444444,USD,10491.2,0.1,4.29,15.47,3.32,1.36,15.51,2.75
837004CK,SOUTH CAROLINA E + G,3000,4.1,53493,U1,A3,98.77,0.18222222,USD,2963.28,0.03,4.17,16.9,4,1.15,16.93,2.62
842400FF,SOUTHERN CALIFORNIA EDISON,15000,5.55,50055,U1,AA3,119.3,2.55916667,USD,17897.56,0.17,4.12,12.5,2.12,1.38,12.77,2.43
842400FW,SOUTHERN CALIFORNIA EDISON,7500,3.9,52305,U1,AA3,98.15,1.14833333,USD,7362.4,0.07,4.01,16.04,3.51,1.08,16.22,2.38
842434CG,Southern Calif Gas Co,15000,5.75,49628,X2,AA2,121.3,0.73472222,USD,18195.73,0.17,4.11,12.14,1.95,1.42,12.21,2.42
8426EPAB,SOUTHERN CO GAS CAPITAL,5000,3.95,53601,X2,BAA1,92.34,1.185,USD,4618.19,0.04,4.41,16.66,3.96,1.38,16.87,3.12
844895AX,SOUTHWEST GAS CORP,7000,3.8,53599,X2,A3,89.56,0.97111111,USD,6270.17,0.06,4.43,16.8,4.02,1.4,16.99,3.2
845743BQ,SOUTHWESTERN PUB SERV,10000,3.4,53554,U1,A2,89.56,1.31277778,USD,8957.31,0.09,4,17.62,4.31,0.96,17.87,2.46
857477AV,STATE STREET CORP,15000,1.95,44335,F1,A1,97.9,0.2275,USD,14685.23,0.14,2.46,4.16,0.2,0.67,4.17,0.92
857477AW,STATE STREET CORP,10000,2.65,46161,F1,A1,94.7,0.30916667,USD,9470.31,0.09,3.31,8.18,0.76,0.91,8.2,1.67
863667AG,STRYKER CORP,2000,4.38,52732,IY,BAA1,96.81,0.55902778,USD,1936.76,0.02,4.58,15.58,3.42,1.62,15.66,3.32
863667AJ,STRYKER CORP,1500,4.63,53401,IY,BAA1,101.77,1.36180556,USD,1527.91,0.01,4.51,15.85,3.64,1.52,16.05,3.14
86960BAL,SVENSKA HANDELSBANKEN AB,10000,2.45,44285,F1,AA2,99.24,0.61930556,USD,9924.62,0.1,2.64,3.98,0.18,0.89,4.01,1.24
86960BAP,SVENSKA HANDELSBANKEN AB,20000,1.33,43714,F1,AA2,100,0.09202153,USD,20000.09,0.19,1.33,2.62,0.08,-0.04,2.62,0
87246YAC,TIAA ASSET MGMT FIN LLC,10000,4.13,45597,F4,BAA3,100.88,0.6875,USD,10088.69,0.1,3.99,6.61,0.51,1.72,6.65,2.87
87264JAA,TMSQ 2014-1500 A,7000,3.68,45575,B1,AAA,102.46,0.21466667,USD,7172.41,0.07,3.34,6.67,0.52,1.06,6.68,1.85
875127BD,TAMPA ELECTRIC,10000,4.2,53097,U1,A3,97.81,0.53666667,USD,9781.54,0.09,4.33,16.26,3.72,1.35,16.35,2.9
87612EAS,TARGET CORP - GLOBAL,10000,6,43115,IS,A2,104.54,2.76666667,USD,10456.77,0.1,1.57,0.99,0.02,0.74,1.02,0
87612EBA,TARGET CORP - GLOBAL,15000,4,52048,IS,A2,99.25,2,USD,14889.5,0.14,4.05,15.54,3.32,1.13,15.86,2.42
87612EBD,TARGET CORP,5000,3.5,45474,IS,A2,103.75,1.75,USD,5189.25,0.05,2.94,6.48,0.49,0.68,6.59,1.2
880541XY,TENNESSEE-C-REF-TXBL,2000,2.12,46235,Y1,AAA,92.82,0.7406,USD,1857.14,0.02,2.98,8.49,0.82,0.56,8.56,1.11
880541XZ,TENNESSEE-C-REF-TXBL,2000,2.17,46600,Y1,AAA,92.43,0.7581,USD,1849.36,0.02,3.01,9.25,0.97,0.53,9.32,1.07
880541YA,TENNESSEE-C-REF-TXBL,2000,2.27,46966,Y1,AAA,93.16,0.7931,USD,1863.99,0.02,2.97,9.96,1.14,0.46,10.04,0.94
880541YB,TENNESSEE-C-REF-TXBL,1000,2.37,47331,Y1,AAA,93.02,0.8281,USD,931.03,0.01,3.04,10.63,1.3,0.5,10.72,1.01
880591DZ,TENN VALLEY AUTHORITY,60000,5.38,57071,TA,AAA,124.77,1.34375,USD,74863.34,0.72,4.1,18.28,5.14,1.05,18.46,2.26
880591EH,TENNESSEE VALLEY AUTH,45000,5.25,51028,TA,AAA,125.38,1.54583333,USD,56422.55,0.54,3.6,14.13,2.69,0.79,14.31,1.58
880591EJ,TENNESSE VALLEY AUTH,60000,4.63,58699,TA,AAA,110.9,1.36180556,USD,66541.36,0.64,4.09,19.6,6.03,1.02,19.83,2.35
880591EP,TENNESSE VALLEY AUTH,15000,3.5,52215,TA,AAA,97.52,0.15555556,USD,14628.16,0.14,3.65,16.81,3.72,0.71,16.83,1.78
88059EN5,TVA PRIN STRIP,22500,0,54072,2A,AAA,29.14,0,USD,6556.5,0.06,4.01,30.43,9.41,0.75,30.43,2.68
88059FAV,TVA PRIN STRIP,97500,0,45962,2A,AAA,76.09,0,USD,74187.75,0.71,3.12,8.7,0.8,0.71,8.7,1.34
88059FBA,TENN VALLEY AUTH,80000,0,50420,2A,AAA,43.39,0,USD,34712,0.33,4.01,20.63,4.36,1.08,20.64,2.52
88059FBM,TVA PRIN STRIP,15000,0,49475,TA,AAA,50.29,0,USD,7543.5,0.07,3.76,18.12,3.37,0.93,18.12,2.03
88059FBR,TVA PRIN STRIP,135000,0,50571,2A,AAA,43.57,0,USD,58819.5,0.57,3.91,21.05,4.53,0.97,21.05,2.32
88059FBS,TVA PRIN STRIP,90000,0,51028,2A,AAA,39.88,0,USD,35892,0.34,4.09,22.25,5.06,1.11,22.26,2.71
88579EAC,MINNESOTA MINING & MFG,25000,5.7,50114,X3,A1,125.58,1.67833333,USD,31396.68,0.3,3.86,12.74,2.18,1.12,12.91,2
886546AD,TIFFANY & CO,10000,4.9,52871,IS,BAA2,93.08,1.225,USD,9309.23,0.09,5.38,14.42,3.08,2.43,14.61,4.72
89114QBG,TORONTO-DOMINION BANK,10000,2.13,44293,F1,AA1,98.51,0.49583333,USD,9851.5,0.09,2.49,4.03,0.19,0.74,4.05,1
89231UAD,TAOT 2016-B A3,15000,1.3,43570,A1,AAA,99.67,0.10833333,USD,14950.61,0.14,1.51,1.11,-0.22,0.49,1.14,0
89236TCQ,TOYOTA MOTOR CREDIT CORP,10000,2.8,44755,IN,AA3,100.78,1.30666667,USD,10079.31,0.1,2.65,5.04,0.29,0.64,5.1,1
89236TCZ,TOYOTA MOTOR CREDIT CORP,15000,1.9,44294,IN,AA3,97.9,0.43805556,USD,14685.44,0.14,2.42,4.06,0.19,0.67,4.07,0.88
89566EAG,TRISTATE GEN&TRANS ASSN,5000,3.7,45597,U1,A3,101.6,0.61666667,USD,5080.62,0.05,3.46,6.73,0.53,1.18,6.77,2.02
89566EAH,TRISTATE GEN&TRANS ASSN,10000,4.7,52902,U1,A3,103.36,0.78333333,USD,10336.78,0.1,4.49,15.54,3.44,1.53,15.66,3.07
89602NG8,TRIBOROUGH BRIDGE-A,3000,3.13,48167,M2,A1,97.15,0.39930556,USD,2914.9,0.03,3.37,11.71,1.64,0.76,11.76,1.46
89602NT2,TRIBOROUGH BRIDGE-C,10000,3.75,52550,M2,AA3,100.45,0.47916667,USD,10045.48,0.1,3.72,16.79,3.79,0.76,16.87,1.88
89602NYQ,TRIBORO BRIDGE-A,10000,4,52185,M2,AA3,103.05,0.51111111,USD,10305.51,0.1,3.81,16.12,3.5,0.89,16.2,2.01
899043AA,TUFTS UNIVERSITY,10000,5.02,77493,X1,AA2,104.12,1.05914444,USD,10413.06,0.1,4.82,20.31,8,1.69,20.5,3.55
90270RBE,UBSBB 2012-C4 A5,10000,2.85,44905,B1,AAA,100.78,0.16626167,USD,10078.17,0.1,2.72,5.4,0.33,0.65,5.4,1.1
90270YBF,UBSBB 2013-C5 A4,10000,3.18,44967,B1,AAA,101.82,0.18577417,USD,10182.19,0.1,2.87,5.48,0.35,0.78,5.49,1.3
90331HMY,US BANK NA CINCINNATI,20000,1.4,43581,F1,A1,98.87,0.25277778,USD,19774.25,0.19,1.9,2.27,0.06,0.62,2.27,0.71
904764AS,UNILEVER CAPITAL CORP,7000,3.1,45868,IW,A1,100.38,1.30027778,USD,7027.9,0.07,3.05,7.4,0.63,0.71,7.49,1.28
904764AT,UNILEVER CAPITAL CORP,10000,1.38,44405,IW,A1,95.96,0.584375,USD,9596.58,0.09,2.31,4.37,0.22,0.48,4.4,0.64
904764AU,UNILEVER CAPITAL CORP,10000,2,46231,IW,A1,91.17,0.85,USD,9117.85,0.09,3.07,8.5,0.82,0.65,8.58,1.27
907818DU,UNION PACIFIC CORP,10000,4.75,52580,I8,A3,108.69,0.21111111,USD,10869.21,0.1,4.21,15.6,3.39,1.27,15.63,2.58
907818EC,UNION PACIFIC CORP,5000,3.88,56646,I8,A3,91.64,1.61458333,USD,4583.61,0.04,4.32,18.68,5.32,1.25,19,2.99
907818EJ,UNION PACIFIC CORP,10000,4.05,53387,I9,A3,100.08,1.35,USD,10009.35,0.1,4.04,16.81,3.97,1.03,17.03,2.4
907818EK,UNION PACIFIC CORP,40000,3.35,53554,I8,A3,89.38,1.33069444,USD,35753.33,0.34,3.96,17.72,4.34,0.92,17.98,2.38
911312AZ,UNITED PARCEL SERVICE,20000,3.4,53646,I9,A1,91.97,0.63277778,USD,18394.63,0.18,3.85,18.01,4.45,0.8,18.13,2.17
91159HHN,US BANCORP,15000,2.38,46225,F1,A1,92.63,1.04895833,USD,13895.55,0.13,3.28,8.33,0.79,0.86,8.42,1.61
912810PX,US TREASURY N/B,15000,4.5,50540,TN,AAA,126.08,0.5718232,USD,18912.57,0.18,2.86,14.57,2.72,0.07,14.63,0
912810QA,US TREASURY BONDS,11250,3.5,50816,TN,AAA,109.16,1.3125,USD,12281.81,0.12,2.93,15.49,3.05,0.1,15.67,0
912810QC,US TREASURY NOTES,11250,4.5,50997,TN,AAA,125.35,1.6875,USD,14103.56,0.14,2.95,14.95,2.93,0.13,15.16,0
912810QD,US TREASURY BONDS,11250,4.38,51089,TN,AAA,123.22,0.55593923,USD,13862.81,0.13,2.97,15.27,3.02,0.13,15.34,0
912810QE,US TREASURY BONDS,41250,4.63,51181,TN,AAA,127.57,1.734375,USD,52624.36,0.51,2.97,15.08,3,0.13,15.28,0
912810QH,US TREASURY BONDS,41250,4.38,51271,TN,AAA,123.33,0.55593923,USD,50874.18,0.49,2.98,15.49,3.12,0.13,15.55,0
912810QK,US TREASURY BONDS,41250,3.88,51363,TN,AAA,114.6,1.453125,USD,47273.95,0.45,3.01,15.83,3.26,0.14,16.02,0
912810QL,US TREASURY BONDS,41250,4.25,51455,TN,AAA,121.18,0.54005525,USD,49987.29,0.48,3,15.78,3.25,0.14,15.86,0
912810QN,US TREASURY N/B,45000,4.75,51547,TR,AAA,130.14,1.78125,USD,58564.78,0.56,2.99,15.42,3.16,0.13,15.63,0
912810QQ,US TREASURY BONDS,45000,4.38,51636,TN,AAA,123.5,0.55593923,USD,55575.56,0.53,3.01,15.91,3.32,0.13,15.97,0
912810QS,US TREASURY N/B,45000,3.75,51728,TN,AAA,112.41,1.40625,USD,50585.91,0.49,3.03,16.36,3.49,0.13,16.57,0
912810QT,US TREASURY BONDS,45000,3.13,51820,TN,AAA,101.28,0.39709945,USD,45576.4,0.44,3.05,17.2,3.77,0.13,17.26,0
912810QU,US TREASURY BONDS,37500,3.13,51912,TN,AAA,101.27,1.171875,USD,37977.42,0.36,3.05,17.18,3.79,0.12,17.37,0
912810QW,US TREASURY BONDS,41250,3,52001,TN,AAA,98.96,0.38121547,USD,40821.38,0.39,3.06,17.56,3.93,0.12,17.63,0
912810QX,US TREASURY BONDS,33750,2.75,52093,TN,AAA,94.27,1.03125,USD,31817.16,0.31,3.07,17.84,4.05,0.12,18.04,0
912810QY,US TREASURY BONDS,30000,2.75,52185,TN,AAA,94.25,0.34944751,USD,28275.35,0.27,3.07,18.09,4.14,0.11,18.15,0
912810QZ,US TREASURY BONDS,41250,3.13,52277,TN,AAA,101.11,1.171875,USD,41709.05,0.4,3.06,17.62,4.02,0.11,17.82,0
912810RB,US TREASURY BONDS,30000,2.88,52366,TN,AAA,96.38,0.36533149,USD,28914.37,0.28,3.08,18.15,4.21,0.1,18.21,0
912810RC,US TREASURY BONDS,45000,3.63,52458,TN,AAA,110.66,1.359375,USD,49798.36,0.48,3.04,17.33,3.96,0.08,17.53,0
912810RD,US TREASURY BONDS,41250,3.75,52550,TN,AAA,113.14,0.47651934,USD,46670.73,0.45,3.03,17.46,4.01,0.07,17.53,0
912810RE,US TREASURY BONDS,37500,3.63,52642,TN,AAA,110.61,1.359375,USD,41480.11,0.4,3.05,17.53,4.06,0.08,17.72,0
912810RG,US TREASURY BONDS,41250,3.38,52732,TN,AAA,105.81,0.4288674,USD,43647.05,0.42,3.06,18.02,4.24,0.08,18.08,0
912810RH,US TREASURY BONDS,41250,3.13,52824,TN,AAA,100.99,1.171875,USD,41659.55,0.4,3.07,18.26,4.36,0.07,18.46,0
912828A4,US TREASURY NOTES,15000,2,44165,TN,AAA,100.96,0.17032967,USD,15144.17,0.15,1.75,3.75,0.16,0.08,3.76,0
912828B6,US TREASURY NOTES,30000,2.75,45337,TN,AAA,103.15,1.03125,USD,30946.03,0.3,2.27,6.4,0.47,0.02,6.46,0
912828C5,US TREASURY NOTES,7500,2.25,44286,TN,AAA,101.72,0.56868132,USD,7629.57,0.07,1.83,4.02,0.19,0.08,4.04,0
912828HR,US TREAS BOND,15000,3.5,43146,TN,AAA,102.8,1.3125,USD,15421.31,0.15,0.99,1.1,0.02,0.13,1.11,0
912828MP,US TREASURY NOTES,15000,3.63,43876,TN,AAA,106.35,1.359375,USD,15953.86,0.15,1.53,2.93,0.1,0.06,2.97,0
912828NA,US TREASURY NOTES,15000,3.13,42855,TN,AAA,100.84,0.5265884,USD,15126.53,0.15,0.58,0.33,0,0.04,0.34,0
912828PY,US TREASURY N/B,15000,2.75,43159,TR,AAA,102,0.92679558,USD,15300.93,0.15,1.02,1.14,0.02,0.14,1.15,0
912828RC,US TREASURY N/B,15000,2.13,44423,TN,AAA,100.85,0.796875,USD,15128.3,0.15,1.93,4.36,0.22,0.09,4.39,0
912828UN,US TREASURY NOTES,11250,2,44972,TN,AAA,99.06,0.75,USD,11145,0.11,2.16,5.69,0.37,0.05,5.73,0
912828VS,US TREASURY NOTES,11250,2.5,45153,TN,AAA,101.65,0.9375,USD,11436.56,0.11,2.23,6.03,0.41,0.05,6.09,0
912828WE,US TREASURY NOTES,11250,2.75,45245,TN,AAA,103.17,0.34944751,USD,11606.97,0.11,2.25,6.23,0.44,0.03,6.25,0
913017BK,UNITED TECHNOLOGIES,15000,6.05,49827,X3,A3,125.06,0.50416667,USD,18759.5,0.18,4.16,12.24,2,1.44,12.29,2.44
913017BP,UNITED TECHNOLOGIES,5000,6.13,50601,X3,A3,127,2.82430556,USD,6352.82,0.06,4.21,12.77,2.26,1.44,13.05,2.48
913017BT,UNITED TECHNOLOGIES CORP,20000,4.5,52018,X3,A3,106.84,0.375,USD,21368.38,0.21,4.07,15.37,3.23,1.16,15.43,2.38
913017CA,UNITED TECHNOLOGIES,3000,4.15,53097,X3,A3,100.79,0.53027778,USD,3024.23,0.03,4.1,16.55,3.81,1.11,16.64,2.49
91324PBQ,UNITEDHEALTH GROUP INC,20000,5.95,51547,IY,A3,124.57,2.24777778,USD,24916.25,0.24,4.3,13.72,2.66,1.46,13.97,2.61
91324PCH,UNITEDHEALTH GROUP INC,7000,2.88,44545,IY,A3,101.27,0.12777778,USD,7089.03,0.07,2.6,4.59,0.24,0.69,4.6,1.03
91324PCX,UNITEDHEALTH GROUP INC,13000,4.2,53707,IY,A3,100.63,0.12833333,USD,13082.03,0.13,4.16,17.01,4.08,1.13,17.03,2.58
913366JF,UNIV CA RGTS-M-TXBL,5000,3.29,49810,Y1,AA3,90.79,0.42038889,USD,4539.92,0.04,3.98,13.85,2.41,1.22,13.92,2.43
913366JG,UNIV CA RGTS-M-TXBL,6500,3.49,53827,Y1,AA3,86.92,0.44594444,USD,5650.25,0.05,4.26,17.6,4.34,1.21,17.69,2.95
914886AA,UNIV OF SOUTHERN CALIFOR,5000,5.25,77284,X1,AA1,113.05,1.3125,USD,5653.81,0.05,4.64,20.94,8.45,1.51,21.19,3.12
91913YAL,VALERO ENERGY-GLOBAL,15000,6.63,50206,I5,BAA2,116.86,0.29444444,USD,17529.29,0.17,5.27,11.83,1.95,2.53,11.86,4.14
92343VAX,VERIZON COMMUNICATIONS,15000,4.6,44287,IL,BAA1,107.13,1.15,USD,16070.65,0.15,2.8,3.83,0.17,1.07,3.87,1.49
92343VCK,VERIZON COMMUNICATIONS INC,10000,4.86,53560,IM,BAA1,101.13,1.75572222,USD,10114.76,0.1,4.79,15.43,3.52,1.79,15.71,3.58
92343VCQ,VERIZON COMMUNICATIONS INC,30000,4.4,49249,IM,BAA1,98.55,0.73333333,USD,29565.73,0.28,4.52,12.13,1.9,1.83,12.22,3.27
92343VCX,VERIZON COMMUNICATIONS INC,3276,4.52,54316,IM,BAA1,95.7,1.33147778,USD,3136.46,0.03,4.79,16.2,3.92,1.76,16.43,3.68
92343VDC,VERIZON COMMUNICATIONS INC,10000,4.13,53554,IM,BAA1,90.32,1.71875,USD,9033.72,0.09,4.74,16.01,3.74,1.71,16.3,3.7
927804FW,VIRGINIA ELEC & POWER CO,15000,4,53646,U1,A2,99.48,0.5,USD,14922.5,0.14,4.03,17.23,4.15,1,17.31,2.38
92826CAC,VISA INC,5000,2.8,44909,IT,A1,100.35,0.13222222,USD,5017.63,0.05,2.74,5.45,0.34,0.66,5.45,1.08
92826CAD,VISA INC,5000,3.15,46005,IT,A1,100.3,0.14875,USD,5015.15,0.05,3.11,7.74,0.69,0.75,7.76,1.35
92890KBA,WFRBS 2014-C22 A5,10000,3.75,45550,B1,AAA,104.14,0.31266667,USD,10414.31,0.1,3.17,6.61,0.51,0.89,6.63,1.56
92922FDE,Wamu 2003-S8 A2,167.87,5,43368,C5,AAA,100.55,0.41666667,USD,169.21,0,3.7,0.88,-0.18,2.81,0.91,4.31
92924FAB,WGL HOLDINGS INC,10000,4.6,52902,X2,A3,100.23,0.76666667,USD,10023.77,0.1,4.58,15.51,3.43,1.62,15.63,3.27
92938JAB,WFRBS13-UBS1 A2,5000,2.93,43449,B1,AAA,101.89,0.24391667,USD,5094.74,0.05,1.95,1.88,0.05,0.77,1.89,0.54
92939FAU,WFRBS 2014-C21 A5,10000,3.68,45488,B1,AAA,103.65,0.3065,USD,10365.31,0.1,3.15,6.5,0.49,0.89,6.52,1.56
92939GAA,WFLD 2014-MONT A,7000,3.88,45514,B1,AAA,101.93,0.226331,USD,7135.33,0.07,3.62,6.48,0.49,1.35,6.5,2.11
931142CK,WAL-MART STORES-GLOBAL,15000,6.5,50267,IS,AA2,135.31,2.45555556,USD,20298.96,0.2,3.97,12.46,2.13,1.23,12.69,2.11
931142CM,WAL-MART STORES,10000,6.2,50510,IS,AA2,131.61,1.30888889,USD,13162.31,0.13,3.98,12.93,2.28,1.22,13.06,2.13
931142DB,WAL-MART STORES,15000,5.63,51606,IS,AA2,124.14,1.1875,USD,18622.19,0.18,4.05,14.24,2.81,1.2,14.37,2.25
93884PDW,WASHINGTON GAS LIGHT CO,7000,3.8,53585,X2,A1,93.92,1.10716667,USD,6575.51,0.06,4.15,17.11,4.12,1.12,17.3,2.65
94973VAN,WELLPOINT INC,15000,6.38,50206,IY,BAA2,119.95,0.28333333,USD,17992.78,0.17,4.83,12.17,2.04,2.09,12.19,3.46
94973VAY,WELLPOINT INC,15000,4.63,52001,IY,BAA2,100.29,0.59097222,USD,15044.09,0.14,4.6,14.78,3.05,1.71,14.86,3.32
94973VBA,WELLPOINT INC,10000,3.3,44941,IY,BAA2,99.73,1.52166667,USD,9974.52,0.1,3.35,5.35,0.33,1.27,5.43,2.06
94974BGA,WELLS FARGO & CO,20000,3.3,45544,F1,A2,98.85,1.02666667,USD,19771.03,0.19,3.47,6.67,0.52,1.19,6.73,2.06
94974BGK,WELLS FARGO & CO,10000,3.9,53083,F1,A2,94.65,0.65,USD,9465.65,0.09,4.22,16.6,3.84,1.23,16.71,2.76
94974BGL,WELLS FARGO & COMPANY,10000,4.3,46590,F1,A3,102.7,1.89916667,USD,10271.9,0.1,3.98,8.31,0.84,1.55,8.46,2.63
94974BGQ,WELLS FARGO & COMPANY,5000,4.9,53283,F1,A3,102.51,0.59888889,USD,5126.1,0.05,4.74,15.45,3.47,1.76,15.54,3.48
94974BGR,WELLS FARGO & COMPANY,5000,2.55,44172,F1,A2,100.03,0.17,USD,5001.67,0.05,2.54,3.72,0.16,0.87,3.72,1.13
94988J5A,WELLS FARGO BANK NA,5000,1.65,43122,F1,AA2,99.99,0.72875,USD,5000.23,0.05,1.65,1.04,0.02,0.82,1.05,0
94988J5D,WELLS FARGO BANK NA,15000,1.75,43609,F1,AA2,99.48,0.17986111,USD,14922.18,0.14,1.97,2.33,0.07,0.68,2.34,0.8
95000DBB,WFCM 2016-C34 A2,10000,2.6,45976,B1,AAA,100.7,0.21691667,USD,10070.22,0.1,2.53,7.82,0.7,0.16,7.84,0.93
95000FAT,WFCM 2016-C35 A4,15000,2.93,46188,B1,AAA,97.02,0.24425,USD,14553.24,0.14,3.32,8.09,0.76,0.92,8.12,1.7
95709TAL,WESTAR ENERGY INC,5000,3.25,45992,U1,A2,99.93,0.27083333,USD,4996.77,0.05,3.26,7.67,0.68,0.9,7.69,1.6
976656CE,WISCONSIN ELECTRIC POWER,7000,3.65,52215,U1,A1,93.98,0.16222222,USD,6578.76,0.06,4.03,16.32,3.57,1.09,16.35,2.44
976656CJ,WISCONSIN ELECTRIC POWER,5000,4.3,53311,U1,A1,103.11,0.19111111,USD,5155.69,0.05,4.11,16.65,3.88,1.12,16.68,2.48
976843BJ,WISCONSIN PUBLIC SERVICE,10000,4.75,52902,U1,A1,110.22,0.792,USD,11022.79,0.11,4.13,15.87,3.54,1.17,15.98,2.44
976843BK,WISCONSIN PUBLIC SERVICE,10000,1.65,43438,U1,A1,99.88,0.12375,USD,9988.12,0.1,1.71,1.89,0.05,0.55,1.89,0.4
98161FAD,WOLS 2016-A A3,18000,1.45,43480,A1,AAA,99.7,0.12083333,USD,17946.12,0.17,1.64,1,-0.2,0.68,1.03,0.2
983024AN,WYETH,25000,5.95,50131,IZ,A1,125.65,1.4875,USD,31413.99,0.3,4.08,12.56,2.13,1.34,12.71,2.31
98389BAS,XCEL ENERGY INC,7000,2.4,44270,U1,A3,99.36,0.70666667,USD,6955.91,0.07,2.56,3.95,0.18,0.83,3.98,1.12
SOURCE:Gifford Fong Associates,,,,,,,,,,,,,,,,,
